"Ad name","Ratio pagos i / Visitas","Ratio Visitas/Clicks",Results,"Result indicator","Result rate",Reach,Frequency,Impressions,"Ad delivery","Ad set delivery","Amount spent (COP)","Clicks (all)","CPC (All) (COP)","CTR (all)","Gross impressions (includes invalid impressions from non-human traffic)","Auto-refresh impressions","Attribution setting","Quality ranking","Engagement rate ranking","Conversion rate ranking","Cost per results","Cost per 1,000 people reached (COP)","CPM (cost per 1,000 impressions) (COP)","Page engagement","Page likes","Post comments","Post engagement","Post reactions","Post saves","Post shares","Photo views","Event responses",Check-ins,"100% in-view impressions","100% in-view reach",ar_effect_share:ar_effect_share,"Cost per Page engagement (COP)","Cost per Page like (COP)","Cost per post engagement (COP)","Cost per Event Response (COP)","New messaging connections","Blocked messaging connections","Messaging Conversations Started","Cost per new messaging connection (COP)","Cost per messaging conversations started (COP)","Unique 2-second continuous video plays","2-second continuous video plays","3-second video plays",ThruPlays,"Video plays at 25%","Video plays at 50%","Video plays at 75%","Video plays at 95%","Video plays at 100%","Video average play time","Video plays","Instant experience view time","Instant experience view percentage",instant_experience_element_impressions:instant_experience_element_impression,instant_experience_element_reach:instant_experience_element_impression,"Cost per 2-second continuous video play (COP)","Cost per 3-second video plays (COP)","Cost per ThruPlay (COP)","Link clicks","Unique link clicks","Outbound clicks","Unique outbound clicks","CTR (link click-through rate)","Unique CTR (link click-through rate)","Outbound CTR (click-through rate)","Unique outbound CTR (click-through rate)","Unique clicks (all)","Unique CTR (all)","Instant experience clicks to open","Instant experience clicks to start","Instant experience outbound clicks",actions:click_to_call_call_confirm,"CPC (cost per link click) (COP)","Cost per unique link click (COP)","Cost per outbound click (COP)","Cost per unique outbound click (COP)","Cost per unique click (all) (COP)","Estimated ad recall lift (people)","Estimated ad recall lift rate","Cost per estimated ad recall lift (people) (COP)","Achievements unlocked","Cost per achievement unlocked (COP)","Achievements unlocked conversion value","Unique achievements unlocked","Cost per unique achievement unlocked (COP)","Adds of payment info","Cost per add of payment info (COP)","Adds of payment info conversion value","Unique adds of payment info","Cost per unique add of payment info (COP)","Adds to cart","Cost per add to cart (COP)","Adds to cart conversion value","Unique Adds to Cart","Cost per unique add to cart (COP)","Adds to wishlist","Cost per add to wishlist (COP)","Adds to wishlist conversion value","Unique adds to wishlist","Cost per unique add to wishlist (COP)","App activations","Cost per app activation (COP)","App activations conversion value","Unique app activations","Cost per unique app activation (COP)","App installs","Cost per app install (COP)","Applications submitted","Cost per Submit Application (COP)","Submit application conversion value","Appointments Scheduled","Cost per schedule (COP)","Schedule conversion value","Checkouts Initiated","Cost per checkout initiated (COP)","Checkouts initiated conversion value","Unique checkouts initiated","Cost per unique checkout initiated (COP)",Contacts,"Cost per contact (COP)","Contact conversion value","Content views","Cost per content view (COP)","Content views conversion value","Unique content views","Cost per unique content view (COP)","Credit spends","Cost per Credit Spend (COP)","Credit spends conversion value","Unique credit spends","Cost per unique credit spend (COP)","Custom Events","Cost per custom event (COP)","Desktop app engagements","Cost per desktop app engagement (COP)","Desktop app story engagements","Cost per desktop app story engagement (COP)","Desktop app uses","Cost per desktop app use (COP)","Donation ROAS (return on ad spend)",Donations,"Cost per donation (COP)","Donate conversion value","Game plays","Cost per game play (COP)","Get directions clicks","In-app ad clicks","Cost per in-app ad click (COP)","In-app ad impressions","Cost per 1,000 in-app ad impressions (COP)","Landing page views","Cost per landing page view (COP)","Unique landing page views"," (COP)",Leads,"Cost per lead (COP)","Leads Conversion Value","Levels achieved","Cost per level achieved (COP)","Levels achieved conversion value","Unique levels completed","Cost per unique level completed (COP)","Location searches","Cost per find location (COP)","Find location conversion value","Mobile app D2 retention","Cost per mobile app D2 retention (COP)","Unique mobile app D2 retention","Cost per unique mobile app D2 retention (COP)","Mobile app D7 retention","Cost per mobile app D7 retention (COP)","Unique mobile app D7 retention","Cost per unique mobile app D7 retention (COP)","Offline other conversions","Cost per offline other conversion (COP)","Offline other conversion value","On-Facebook workflow completions","Cost per on-Facebook workflow completion (COP)","On-Facebook workflow completion conversion value","Phone Number Clicks","Products customized","Cost per customize product (COP)","Customize product conversion value","Purchase ROAS (return on ad spend)",Purchases,"Cost per purchase (COP)","Purchases conversion value","Unique purchases","Cost per unique purchase (COP)","Ratings submitted","Cost per rating submitted (COP)","Ratings submitted conversion value","Unique ratings submitted","Cost per unique rating submitted (COP)","Registrations Completed","Cost per registration completed (COP)","Registrations completed conversion value","Unique registrations completed","Cost per unique registration completed (COP)",Searches,"Cost per search (COP)","Searches conversion value","Unique searches","Cost per unique search (COP)",Subscriptions,"Cost per subscription (COP)","Subscribe conversion value","Trials started","Cost per start trial (COP)","Start trial conversion value","Tutorials completed","Cost per tutorial completed (COP)","Tutorials completed conversion value","Unique tutorials completed","Cost per unique tutorial completed (COP)","WA Btn","WA Btn conversion value","Cost per action type WA Btn","Website adds of payment info","Website adds of payment info conversion value","Website adds to cart","Website adds to cart conversion value","Website adds to wishlist","Website adds to wishlist conversion value","Website applications submitted","Website submit application conversion value","Website appointments scheduled","Website schedule conversion value","Website checkouts initiated","Website checkouts initiated conversion value","Website contacts","Website contact conversion value","Website content views","Website content views conversion value","Website donations","Website donate conversion value","Website leads","Website leads conversion value","Website location searches","Website find location conversion value","Website products customized","Website customize product conversion value","Website purchase ROAS (return on ad spend)","Website purchases","Website purchases conversion value","Website registrations completed","Website registrations completed conversion value","Website searches","Website searches conversion value","Website subscriptions","Website subscribe conversion value","Website trials started","Website start trial conversion value","Account ID","Account name","Campaign name","Campaign ID","Ad Set Name","Ad set ID","Ad ID","Date created","Date last edited",Starts,Ends,"Reporting starts","Reporting ends",Objective,Bid,"Bid type","Ad set budget","Ad set budget type",url_tags,"Last significant edit"
"x1 Ad img 01 copy 01",,,,,,0,0,0,inactive,inactive,0,0,0,0,0,0,"7-day click or 1-day view",-,-,-,,0,0,,,,,,,,,,,,,,,,,,,,,,,,,,,,,,,,00:00:00,,0,0,,,,,,,,,,,0,,,0,0,0,0,,,,,,,0,0,0,0,,,,,,,,,,,,,,,,,,,,,,,,,,,,,,,,,,,,,,,,,,,,,,,,,,,,,,,,,,,,,,,,,,,,,,,,,,,,,,,,,,,,,,,,,,,,,,,,,,,,,,,,,,,,,,,,,,,,,,,,,,,,,,,,,,,,,,,,,,,,,,,,,,,,,,,,,,,,,,,,,,,,,,,,,,,,,,888805611817797,"Sushi Founder Ads Account","Conversion ABO web",23849353082650786,"PG -  Comida > Cocina japonesa > Sushi",23849353082700786,23849353082800786,2022-01-28,2022-01-31,2022-01-29,"En curso",2022-02-05,2022-02-05,CONVERSIONS,0,ABSOLUTE_OCPM,8000,Daily,,2022-01-30T07:53:07-0500
"Ad img 02 copy 01",,,,,,0,0,0,not_delivering,inactive,0,0,0,0,0,0,"7-day click or 1-day view",-,-,-,,0,0,,,,,,,,,,,,,,,,,,,,,,,,,,,,,,,,00:00:00,,0,0,,,,,,,,,,,0,,,0,0,0,0,,,,,,,0,0,0,0,,,,,,,,,,,,,,,,,,,,,,,,,,,,,,,,,,,,,,,,,,,,,,,,,,,,,,,,,,,,,,,,,,,,,,,,,,,,,,,,,,,,,,,,,,,,,,,,,,,,,,,,,,,,,,,,,,,,,,,,,,,,,,,,,,,,,,,,,,,,,,,,,,,,,,,,,,,,,,,,,,,,,,,,,,,,,,888805611817797,"Sushi Founder Ads Account","Conversion ABO web",23849353082650786,"PG -  Comida > Cocina japonesa > Sushi",23849353082700786,23849353125960786,2022-01-28,2022-01-30,2022-01-29,"En curso",2022-02-05,2022-02-05,CONVERSIONS,0,ABSOLUTE_OCPM,8000,Daily,,2022-01-30T07:53:07-0500
"Ad img 03 copy 01",,,,,,0,0,0,not_delivering,inactive,0,0,0,0,0,0,"7-day click or 1-day view",-,-,-,,0,0,,,,,,,,,,,,,,,,,,,,,,,,,,,,,,,,00:00:00,,0,0,,,,,,,,,,,0,,,0,0,0,0,,,,,,,0,0,0,0,,,,,,,,,,,,,,,,,,,,,,,,,,,,,,,,,,,,,,,,,,,,,,,,,,,,,,,,,,,,,,,,,,,,,,,,,,,,,,,,,,,,,,,,,,,,,,,,,,,,,,,,,,,,,,,,,,,,,,,,,,,,,,,,,,,,,,,,,,,,,,,,,,,,,,,,,,,,,,,,,,,,,,,,,,,,,,888805611817797,"Sushi Founder Ads Account","Conversion ABO web",23849353082650786,"PG -  Comida > Cocina japonesa > Sushi",23849353082700786,23849353128160786,2022-01-28,2022-01-30,2022-01-29,"En curso",2022-02-05,2022-02-05,CONVERSIONS,0,ABSOLUTE_OCPM,8000,Daily,,2022-01-30T07:53:07-0500
"x0 Ad img 04 copy 01",,,,,,0,0,0,inactive,inactive,0,0,0,0,0,0,"7-day click or 1-day view",-,-,-,,0,0,,,,,,,,,,,,,,,,,,,,,,,,,,,,,,,,00:00:00,,0,0,,,,,,,,,,,0,,,0,0,0,0,,,,,,,0,0,0,0,,,,,,,,,,,,,,,,,,,,,,,,,,,,,,,,,,,,,,,,,,,,,,,,,,,,,,,,,,,,,,,,,,,,,,,,,,,,,,,,,,,,,,,,,,,,,,,,,,,,,,,,,,,,,,,,,,,,,,,,,,,,,,,,,,,,,,,,,,,,,,,,,,,,,,,,,,,,,,,,,,,,,,,,,,,,,,888805611817797,"Sushi Founder Ads Account","Conversion ABO web",23849353082650786,"PG -  Comida > Cocina japonesa > Sushi",23849353082700786,23849353130610786,2022-01-28,2022-01-30,2022-01-29,"En curso",2022-02-05,2022-02-05,CONVERSIONS,0,ABSOLUTE_OCPM,8000,Daily,,2022-01-30T07:53:07-0500
"Ad img 05 copy 01",,,,,,0,0,0,not_delivering,inactive,0,0,0,0,0,0,"7-day click or 1-day view",-,-,-,,0,0,,,,,,,,,,,,,,,,,,,,,,,,,,,,,,,,00:00:00,,0,0,,,,,,,,,,,0,,,0,0,0,0,,,,,,,0,0,0,0,,,,,,,,,,,,,,,,,,,,,,,,,,,,,,,,,,,,,,,,,,,,,,,,,,,,,,,,,,,,,,,,,,,,,,,,,,,,,,,,,,,,,,,,,,,,,,,,,,,,,,,,,,,,,,,,,,,,,,,,,,,,,,,,,,,,,,,,,,,,,,,,,,,,,,,,,,,,,,,,,,,,,,,,,,,,,,888805611817797,"Sushi Founder Ads Account","Conversion ABO web",23849353082650786,"PG -  Comida > Cocina japonesa > Sushi",23849353082700786,23849353132780786,2022-01-28,2022-01-30,2022-01-29,"En curso",2022-02-05,2022-02-05,CONVERSIONS,0,ABSOLUTE_OCPM,8000,Daily,,2022-01-30T07:53:07-0500
"x0 Ad img 06 copy 01",,,,,,0,0,0,inactive,inactive,0,0,0,0,0,0,"7-day click or 1-day view",-,-,-,,0,0,,,,,,,,,,,,,,,,,,,,,,,,,,,,,,,,00:00:00,,0,0,,,,,,,,,,,0,,,0,0,0,0,,,,,,,0,0,0,0,,,,,,,,,,,,,,,,,,,,,,,,,,,,,,,,,,,,,,,,,,,,,,,,,,,,,,,,,,,,,,,,,,,,,,,,,,,,,,,,,,,,,,,,,,,,,,,,,,,,,,,,,,,,,,,,,,,,,,,,,,,,,,,,,,,,,,,,,,,,,,,,,,,,,,,,,,,,,,,,,,,,,,,,,,,,,,888805611817797,"Sushi Founder Ads Account","Conversion ABO web",23849353082650786,"PG -  Comida > Cocina japonesa > Sushi",23849353082700786,23849353137040786,2022-01-28,2022-01-30,2022-01-29,"En curso",2022-02-05,2022-02-05,CONVERSIONS,0,ABSOLUTE_OCPM,8000,Daily,,2022-01-30T07:53:07-0500
"u0 Ad img 07 copy 01",,,,,,0,0,0,not_delivering,inactive,0,0,0,0,0,0,"7-day click or 1-day view",-,-,-,,0,0,,,,,,,,,,,,,,,,,,,,,,,,,,,,,,,,00:00:00,,0,0,,,,,,,,,,,0,,,0,0,0,0,,,,,,,0,0,0,0,,,,,,,,,,,,,,,,,,,,,,,,,,,,,,,,,,,,,,,,,,,,,,,,,,,,,,,,,,,,,,,,,,,,,,,,,,,,,,,,,,,,,,,,,,,,,,,,,,,,,,,,,,,,,,,,,,,,,,,,,,,,,,,,,,,,,,,,,,,,,,,,,,,,,,,,,,,,,,,,,,,,,,,,,,,,,,888805611817797,"Sushi Founder Ads Account","Conversion ABO web",23849353082650786,"PG -  Comida > Cocina japonesa > Sushi",23849353082700786,23849353138250786,2022-01-28,2022-01-30,2022-01-29,"En curso",2022-02-05,2022-02-05,CONVERSIONS,0,ABSOLUTE_OCPM,8000,Daily,,2022-01-30T07:53:07-0500
"u0 Ad img 08 copy 01",,,,,,0,0,0,not_delivering,inactive,0,0,0,0,0,0,"7-day click or 1-day view",-,-,-,,0,0,,,,,,,,,,,,,,,,,,,,,,,,,,,,,,,,00:00:00,,0,0,,,,,,,,,,,0,,,0,0,0,0,,,,,,,0,0,0,0,,,,,,,,,,,,,,,,,,,,,,,,,,,,,,,,,,,,,,,,,,,,,,,,,,,,,,,,,,,,,,,,,,,,,,,,,,,,,,,,,,,,,,,,,,,,,,,,,,,,,,,,,,,,,,,,,,,,,,,,,,,,,,,,,,,,,,,,,,,,,,,,,,,,,,,,,,,,,,,,,,,,,,,,,,,,,,888805611817797,"Sushi Founder Ads Account","Conversion ABO web",23849353082650786,"PG -  Comida > Cocina japonesa > Sushi",23849353082700786,23849353142230786,2022-01-28,2022-01-30,2022-01-29,"En curso",2022-02-05,2022-02-05,CONVERSIONS,0,ABSOLUTE_OCPM,8000,Daily,,2022-01-30T07:53:07-0500
"u1 Ad img 09 copy 01",,,,,,0,0,0,not_delivering,inactive,0,0,0,0,0,0,"7-day click or 1-day view",-,-,-,,0,0,,,,,,,,,,,,,,,,,,,,,,,,,,,,,,,,00:00:00,,0,0,,,,,,,,,,,0,,,0,0,0,0,,,,,,,0,0,0,0,,,,,,,,,,,,,,,,,,,,,,,,,,,,,,,,,,,,,,,,,,,,,,,,,,,,,,,,,,,,,,,,,,,,,,,,,,,,,,,,,,,,,,,,,,,,,,,,,,,,,,,,,,,,,,,,,,,,,,,,,,,,,,,,,,,,,,,,,,,,,,,,,,,,,,,,,,,,,,,,,,,,,,,,,,,,,,888805611817797,"Sushi Founder Ads Account","Conversion ABO web",23849353082650786,"PG -  Comida > Cocina japonesa > Sushi",23849353082700786,23849353146060786,2022-01-28,2022-01-31,2022-01-29,"En curso",2022-02-05,2022-02-05,CONVERSIONS,0,ABSOLUTE_OCPM,8000,Daily,,2022-01-30T07:53:07-0500
"Ad img 10 copy 1",,,,,,0,0,0,inactive,inactive,0,0,0,0,0,0,"7-day click or 1-day view",-,-,-,,0,0,,,,,,,,,,,,,,,,,,,,,,,,,,,,,,,,00:00:00,,0,0,,,,,,,,,,,0,,,0,0,0,0,,,,,,,0,0,0,0,,,,,,,,,,,,,,,,,,,,,,,,,,,,,,,,,,,,,,,,,,,,,,,,,,,,,,,,,,,,,,,,,,,,,,,,,,,,,,,,,,,,,,,,,,,,,,,,,,,,,,,,,,,,,,,,,,,,,,,,,,,,,,,,,,,,,,,,,,,,,,,,,,,,,,,,,,,,,,,,,,,,,,,,,,,,,,888805611817797,"Sushi Founder Ads Account","Conversion ABO web",23849353082650786,"PG -  Comida > Cocina japonesa > Sushi",23849353082700786,23849353147040786,2022-01-28,2022-01-30,2022-01-29,"En curso",2022-02-05,2022-02-05,CONVERSIONS,0,ABSOLUTE_OCPM,8000,Daily,,2022-01-30T07:53:07-0500
"Ad img 11 copy 1",,,,,,0,0,0,inactive,inactive,0,0,0,0,0,0,"7-day click or 1-day view",-,-,-,,0,0,,,,,,,,,,,,,,,,,,,,,,,,,,,,,,,,00:00:00,,0,0,,,,,,,,,,,0,,,0,0,0,0,,,,,,,0,0,0,0,,,,,,,,,,,,,,,,,,,,,,,,,,,,,,,,,,,,,,,,,,,,,,,,,,,,,,,,,,,,,,,,,,,,,,,,,,,,,,,,,,,,,,,,,,,,,,,,,,,,,,,,,,,,,,,,,,,,,,,,,,,,,,,,,,,,,,,,,,,,,,,,,,,,,,,,,,,,,,,,,,,,,,,,,,,,,,888805611817797,"Sushi Founder Ads Account","Conversion ABO web",23849353082650786,"PG -  Comida > Cocina japonesa > Sushi",23849353082700786,23849353147950786,2022-01-28,2022-01-30,2022-01-29,"En curso",2022-02-05,2022-02-05,CONVERSIONS,0,ABSOLUTE_OCPM,8000,Daily,,2022-01-30T07:53:07-0500
"Ad img 12 copy 1",,,,,,0,0,0,inactive,inactive,0,0,0,0,0,0,"7-day click or 1-day view",-,-,-,,0,0,,,,,,,,,,,,,,,,,,,,,,,,,,,,,,,,00:00:00,,0,0,,,,,,,,,,,0,,,0,0,0,0,,,,,,,0,0,0,0,,,,,,,,,,,,,,,,,,,,,,,,,,,,,,,,,,,,,,,,,,,,,,,,,,,,,,,,,,,,,,,,,,,,,,,,,,,,,,,,,,,,,,,,,,,,,,,,,,,,,,,,,,,,,,,,,,,,,,,,,,,,,,,,,,,,,,,,,,,,,,,,,,,,,,,,,,,,,,,,,,,,,,,,,,,,,,888805611817797,"Sushi Founder Ads Account","Conversion ABO web",23849353082650786,"PG -  Comida > Cocina japonesa > Sushi",23849353082700786,23849353148690786,2022-01-28,2022-01-30,2022-01-29,"En curso",2022-02-05,2022-02-05,CONVERSIONS,0,ABSOLUTE_OCPM,8000,Daily,,2022-01-30T07:53:07-0500
"Ad img 13 copy 1",,,,,,0,0,0,inactive,inactive,0,0,0,0,0,0,"7-day click or 1-day view",-,-,-,,0,0,,,,,,,,,,,,,,,,,,,,,,,,,,,,,,,,00:00:00,,0,0,,,,,,,,,,,0,,,0,0,0,0,,,,,,,0,0,0,0,,,,,,,,,,,,,,,,,,,,,,,,,,,,,,,,,,,,,,,,,,,,,,,,,,,,,,,,,,,,,,,,,,,,,,,,,,,,,,,,,,,,,,,,,,,,,,,,,,,,,,,,,,,,,,,,,,,,,,,,,,,,,,,,,,,,,,,,,,,,,,,,,,,,,,,,,,,,,,,,,,,,,,,,,,,,,,888805611817797,"Sushi Founder Ads Account","Conversion ABO web",23849353082650786,"PG -  Comida > Cocina japonesa > Sushi",23849353082700786,23849353151310786,2022-01-28,2022-01-30,2022-01-29,"En curso",2022-02-05,2022-02-05,CONVERSIONS,0,ABSOLUTE_OCPM,8000,Daily,,2022-01-30T07:53:07-0500
"Ad img 14 copy 1",,,,,,0,0,0,inactive,inactive,0,0,0,0,0,0,"7-day click or 1-day view",-,-,-,,0,0,,,,,,,,,,,,,,,,,,,,,,,,,,,,,,,,00:00:00,,0,0,,,,,,,,,,,0,,,0,0,0,0,,,,,,,0,0,0,0,,,,,,,,,,,,,,,,,,,,,,,,,,,,,,,,,,,,,,,,,,,,,,,,,,,,,,,,,,,,,,,,,,,,,,,,,,,,,,,,,,,,,,,,,,,,,,,,,,,,,,,,,,,,,,,,,,,,,,,,,,,,,,,,,,,,,,,,,,,,,,,,,,,,,,,,,,,,,,,,,,,,,,,,,,,,,,888805611817797,"Sushi Founder Ads Account","Conversion ABO web",23849353082650786,"PG -  Comida > Cocina japonesa > Sushi",23849353082700786,23849353156360786,2022-01-28,2022-01-30,2022-01-29,"En curso",2022-02-05,2022-02-05,CONVERSIONS,0,ABSOLUTE_OCPM,8000,Daily,,2022-01-30T07:53:07-0500
"Ad img 15 copy 1",,,,,,0,0,0,inactive,inactive,0,0,0,0,0,0,"7-day click or 1-day view",-,-,-,,0,0,,,,,,,,,,,,,,,,,,,,,,,,,,,,,,,,00:00:00,,0,0,,,,,,,,,,,0,,,0,0,0,0,,,,,,,0,0,0,0,,,,,,,,,,,,,,,,,,,,,,,,,,,,,,,,,,,,,,,,,,,,,,,,,,,,,,,,,,,,,,,,,,,,,,,,,,,,,,,,,,,,,,,,,,,,,,,,,,,,,,,,,,,,,,,,,,,,,,,,,,,,,,,,,,,,,,,,,,,,,,,,,,,,,,,,,,,,,,,,,,,,,,,,,,,,,,888805611817797,"Sushi Founder Ads Account","Conversion ABO web",23849353082650786,"PG -  Comida > Cocina japonesa > Sushi",23849353082700786,23849353158610786,2022-01-28,2022-01-30,2022-01-29,"En curso",2022-02-05,2022-02-05,CONVERSIONS,0,ABSOLUTE_OCPM,8000,Daily,,2022-01-30T07:53:07-0500
"u1 Ad img 16 copy 1",,,,,,0,0,0,not_delivering,inactive,0,0,0,0,0,0,"7-day click or 1-day view",-,-,-,,0,0,,,,,,,,,,,,,,,,,,,,,,,,,,,,,,,,00:00:00,,0,0,,,,,,,,,,,0,,,0,0,0,0,,,,,,,0,0,0,0,,,,,,,,,,,,,,,,,,,,,,,,,,,,,,,,,,,,,,,,,,,,,,,,,,,,,,,,,,,,,,,,,,,,,,,,,,,,,,,,,,,,,,,,,,,,,,,,,,,,,,,,,,,,,,,,,,,,,,,,,,,,,,,,,,,,,,,,,,,,,,,,,,,,,,,,,,,,,,,,,,,,,,,,,,,,,,888805611817797,"Sushi Founder Ads Account","Conversion ABO web",23849353082650786,"PG -  Comida > Cocina japonesa > Sushi",23849353082700786,23849353162730786,2022-01-28,2022-01-31,2022-01-29,"En curso",2022-02-05,2022-02-05,CONVERSIONS,0,ABSOLUTE_OCPM,8000,Daily,,2022-01-30T07:53:07-0500
"Ad img 17 copy 1",,,,,,0,0,0,inactive,inactive,0,0,0,0,0,0,"7-day click or 1-day view",-,-,-,,0,0,,,,,,,,,,,,,,,,,,,,,,,,,,,,,,,,00:00:00,,0,0,,,,,,,,,,,0,,,0,0,0,0,,,,,,,0,0,0,0,,,,,,,,,,,,,,,,,,,,,,,,,,,,,,,,,,,,,,,,,,,,,,,,,,,,,,,,,,,,,,,,,,,,,,,,,,,,,,,,,,,,,,,,,,,,,,,,,,,,,,,,,,,,,,,,,,,,,,,,,,,,,,,,,,,,,,,,,,,,,,,,,,,,,,,,,,,,,,,,,,,,,,,,,,,,,,888805611817797,"Sushi Founder Ads Account","Conversion ABO web",23849353082650786,"PG -  Comida > Cocina japonesa > Sushi",23849353082700786,23849353166090786,2022-01-28,2022-01-30,2022-01-29,"En curso",2022-02-05,2022-02-05,CONVERSIONS,0,ABSOLUTE_OCPM,8000,Daily,,2022-01-30T07:53:07-0500
"Ad img 18 copy 1",,,,,,0,0,0,inactive,inactive,0,0,0,0,0,0,"7-day click or 1-day view",-,-,-,,0,0,,,,,,,,,,,,,,,,,,,,,,,,,,,,,,,,00:00:00,,0,0,,,,,,,,,,,0,,,0,0,0,0,,,,,,,0,0,0,0,,,,,,,,,,,,,,,,,,,,,,,,,,,,,,,,,,,,,,,,,,,,,,,,,,,,,,,,,,,,,,,,,,,,,,,,,,,,,,,,,,,,,,,,,,,,,,,,,,,,,,,,,,,,,,,,,,,,,,,,,,,,,,,,,,,,,,,,,,,,,,,,,,,,,,,,,,,,,,,,,,,,,,,,,,,,,,888805611817797,"Sushi Founder Ads Account","Conversion ABO web",23849353082650786,"PG -  Comida > Cocina japonesa > Sushi",23849353082700786,23849353167260786,2022-01-28,2022-01-30,2022-01-29,"En curso",2022-02-05,2022-02-05,CONVERSIONS,0,ABSOLUTE_OCPM,8000,Daily,,2022-01-30T07:53:07-0500
"Ad img 19 copy 1",,,,,,0,0,0,inactive,inactive,0,0,0,0,0,0,"7-day click or 1-day view",-,-,-,,0,0,,,,,,,,,,,,,,,,,,,,,,,,,,,,,,,,00:00:00,,0,0,,,,,,,,,,,0,,,0,0,0,0,,,,,,,0,0,0,0,,,,,,,,,,,,,,,,,,,,,,,,,,,,,,,,,,,,,,,,,,,,,,,,,,,,,,,,,,,,,,,,,,,,,,,,,,,,,,,,,,,,,,,,,,,,,,,,,,,,,,,,,,,,,,,,,,,,,,,,,,,,,,,,,,,,,,,,,,,,,,,,,,,,,,,,,,,,,,,,,,,,,,,,,,,,,,888805611817797,"Sushi Founder Ads Account","Conversion ABO web",23849353082650786,"PG -  Comida > Cocina japonesa > Sushi",23849353082700786,23849353168250786,2022-01-28,2022-01-30,2022-01-29,"En curso",2022-02-05,2022-02-05,CONVERSIONS,0,ABSOLUTE_OCPM,8000,Daily,,2022-01-30T07:53:07-0500
"Ad img 20 copy 1",,,,,,0,0,0,inactive,inactive,0,0,0,0,0,0,"7-day click or 1-day view",-,-,-,,0,0,,,,,,,,,,,,,,,,,,,,,,,,,,,,,,,,00:00:00,,0,0,,,,,,,,,,,0,,,0,0,0,0,,,,,,,0,0,0,0,,,,,,,,,,,,,,,,,,,,,,,,,,,,,,,,,,,,,,,,,,,,,,,,,,,,,,,,,,,,,,,,,,,,,,,,,,,,,,,,,,,,,,,,,,,,,,,,,,,,,,,,,,,,,,,,,,,,,,,,,,,,,,,,,,,,,,,,,,,,,,,,,,,,,,,,,,,,,,,,,,,,,,,,,,,,,,888805611817797,"Sushi Founder Ads Account","Conversion ABO web",23849353082650786,"PG -  Comida > Cocina japonesa > Sushi",23849353082700786,23849353169630786,2022-01-28,2022-01-30,2022-01-29,"En curso",2022-02-05,2022-02-05,CONVERSIONS,0,ABSOLUTE_OCPM,8000,Daily,,2022-01-30T07:53:07-0500
"Ad img 02 copy 01",,,,,,0,0,0,not_delivering,inactive,0,0,0,0,0,0,"7-day click or 1-day view",-,-,-,,0,0,,,,,,,,,,,,,,,,,,,,,,,,,,,,,,,,00:00:00,,0,0,,,,,,,,,,,0,,,0,0,0,0,,,,,,,0,0,0,0,,,,,,,,,,,,,,,,,,,,,,,,,,,,,,,,,,,,,,,,,,,,,,,,,,,,,,,,,,,,,,,,,,,,,,,,,,,,,,,,,,,,,,,,,,,,,,,,,,,,,,,,,,,,,,,,,,,,,,,,,,,,,,,,,,,,,,,,,,,,,,,,,,,,,,,,,,,,,,,,,,,,,,,,,,,,,,888805611817797,"Sushi Founder Ads Account","Conversion ABO web",23849353082650786,"PG -  Recetas > Aprendizaje, +2 > Compras, +2 > Sushi",23849353303580786,23849353303540786,2022-01-29,2022-01-30,2022-01-29,"En curso",2022-02-05,2022-02-05,CONVERSIONS,0,ABSOLUTE_OCPM,8000,Daily,,2022-01-30T08:39:32-0500
"Ad img 19 copy 1",,,,,,0,0,0,inactive,inactive,0,0,0,0,0,0,"7-day click or 1-day view",-,-,-,,0,0,,,,,,,,,,,,,,,,,,,,,,,,,,,,,,,,00:00:00,,0,0,,,,,,,,,,,0,,,0,0,0,0,,,,,,,0,0,0,0,,,,,,,,,,,,,,,,,,,,,,,,,,,,,,,,,,,,,,,,,,,,,,,,,,,,,,,,,,,,,,,,,,,,,,,,,,,,,,,,,,,,,,,,,,,,,,,,,,,,,,,,,,,,,,,,,,,,,,,,,,,,,,,,,,,,,,,,,,,,,,,,,,,,,,,,,,,,,,,,,,,,,,,,,,,,,,888805611817797,"Sushi Founder Ads Account","Conversion ABO web",23849353082650786,"PG -  Recetas > Aprendizaje, +2 > Compras, +2 > Sushi",23849353303580786,23849353303550786,2022-01-29,2022-01-30,2022-01-29,"En curso",2022-02-05,2022-02-05,CONVERSIONS,0,ABSOLUTE_OCPM,8000,Daily,,2022-01-30T08:39:32-0500
"Ad img 20 copy 1",,,,,,0,0,0,inactive,inactive,0,0,0,0,0,0,"7-day click or 1-day view",-,-,-,,0,0,,,,,,,,,,,,,,,,,,,,,,,,,,,,,,,,00:00:00,,0,0,,,,,,,,,,,0,,,0,0,0,0,,,,,,,0,0,0,0,,,,,,,,,,,,,,,,,,,,,,,,,,,,,,,,,,,,,,,,,,,,,,,,,,,,,,,,,,,,,,,,,,,,,,,,,,,,,,,,,,,,,,,,,,,,,,,,,,,,,,,,,,,,,,,,,,,,,,,,,,,,,,,,,,,,,,,,,,,,,,,,,,,,,,,,,,,,,,,,,,,,,,,,,,,,,,888805611817797,"Sushi Founder Ads Account","Conversion ABO web",23849353082650786,"PG -  Recetas > Aprendizaje, +2 > Compras, +2 > Sushi",23849353303580786,23849353303570786,2022-01-29,2022-01-30,2022-01-29,"En curso",2022-02-05,2022-02-05,CONVERSIONS,0,ABSOLUTE_OCPM,8000,Daily,,2022-01-30T08:39:32-0500
"Ad img 10 copy 1",,,,,,0,0,0,inactive,inactive,0,0,0,0,0,0,"7-day click or 1-day view",-,-,-,,0,0,,,,,,,,,,,,,,,,,,,,,,,,,,,,,,,,00:00:00,,0,0,,,,,,,,,,,0,,,0,0,0,0,,,,,,,0,0,0,0,,,,,,,,,,,,,,,,,,,,,,,,,,,,,,,,,,,,,,,,,,,,,,,,,,,,,,,,,,,,,,,,,,,,,,,,,,,,,,,,,,,,,,,,,,,,,,,,,,,,,,,,,,,,,,,,,,,,,,,,,,,,,,,,,,,,,,,,,,,,,,,,,,,,,,,,,,,,,,,,,,,,,,,,,,,,,,888805611817797,"Sushi Founder Ads Account","Conversion ABO web",23849353082650786,"PG -  Recetas > Aprendizaje, +2 > Compras, +2 > Sushi",23849353303580786,23849353303630786,2022-01-29,2022-01-30,2022-01-29,"En curso",2022-02-05,2022-02-05,CONVERSIONS,0,ABSOLUTE_OCPM,8000,Daily,,2022-01-30T08:39:32-0500
"Ad img 14 copy 1",,,,,,0,0,0,inactive,inactive,0,0,0,0,0,0,"7-day click or 1-day view",-,-,-,,0,0,,,,,,,,,,,,,,,,,,,,,,,,,,,,,,,,00:00:00,,0,0,,,,,,,,,,,0,,,0,0,0,0,,,,,,,0,0,0,0,,,,,,,,,,,,,,,,,,,,,,,,,,,,,,,,,,,,,,,,,,,,,,,,,,,,,,,,,,,,,,,,,,,,,,,,,,,,,,,,,,,,,,,,,,,,,,,,,,,,,,,,,,,,,,,,,,,,,,,,,,,,,,,,,,,,,,,,,,,,,,,,,,,,,,,,,,,,,,,,,,,,,,,,,,,,,,888805611817797,"Sushi Founder Ads Account","Conversion ABO web",23849353082650786,"PG -  Recetas > Aprendizaje, +2 > Compras, +2 > Sushi",23849353303580786,23849353303660786,2022-01-29,2022-01-30,2022-01-29,"En curso",2022-02-05,2022-02-05,CONVERSIONS,0,ABSOLUTE_OCPM,8000,Daily,,2022-01-30T08:39:32-0500
"u1 Ad img 09 copy 01",,,,,,0,0,0,not_delivering,inactive,0,0,0,0,0,0,"7-day click or 1-day view",-,-,-,,0,0,,,,,,,,,,,,,,,,,,,,,,,,,,,,,,,,00:00:00,,0,0,,,,,,,,,,,0,,,0,0,0,0,,,,,,,0,0,0,0,,,,,,,,,,,,,,,,,,,,,,,,,,,,,,,,,,,,,,,,,,,,,,,,,,,,,,,,,,,,,,,,,,,,,,,,,,,,,,,,,,,,,,,,,,,,,,,,,,,,,,,,,,,,,,,,,,,,,,,,,,,,,,,,,,,,,,,,,,,,,,,,,,,,,,,,,,,,,,,,,,,,,,,,,,,,,,888805611817797,"Sushi Founder Ads Account","Conversion ABO web",23849353082650786,"PG -  Recetas > Aprendizaje, +2 > Compras, +2 > Sushi",23849353303580786,23849353303670786,2022-01-29,2022-01-31,2022-01-29,"En curso",2022-02-05,2022-02-05,CONVERSIONS,0,ABSOLUTE_OCPM,8000,Daily,,2022-01-30T08:39:32-0500
"u1 Ad img 08 copy 01",,,,,,0,0,0,not_delivering,inactive,0,0,0,0,0,0,"7-day click or 1-day view",-,-,-,,0,0,,,,,,,,,,,,,,,,,,,,,,,,,,,,,,,,00:00:00,,0,0,,,,,,,,,,,0,,,0,0,0,0,,,,,,,0,0,0,0,,,,,,,,,,,,,,,,,,,,,,,,,,,,,,,,,,,,,,,,,,,,,,,,,,,,,,,,,,,,,,,,,,,,,,,,,,,,,,,,,,,,,,,,,,,,,,,,,,,,,,,,,,,,,,,,,,,,,,,,,,,,,,,,,,,,,,,,,,,,,,,,,,,,,,,,,,,,,,,,,,,,,,,,,,,,,,888805611817797,"Sushi Founder Ads Account","Conversion ABO web",23849353082650786,"PG -  Recetas > Aprendizaje, +2 > Compras, +2 > Sushi",23849353303580786,23849353303690786,2022-01-29,2022-01-31,2022-01-29,"En curso",2022-02-05,2022-02-05,CONVERSIONS,0,ABSOLUTE_OCPM,8000,Daily,,2022-01-30T08:39:32-0500
"x1 Ad img 01 copy 01",,,,,,0,0,0,inactive,inactive,0,0,0,0,0,0,"7-day click or 1-day view",-,-,-,,0,0,,,,,,,,,,,,,,,,,,,,,,,,,,,,,,,,00:00:00,,0,0,,,,,,,,,,,0,,,0,0,0,0,,,,,,,0,0,0,0,,,,,,,,,,,,,,,,,,,,,,,,,,,,,,,,,,,,,,,,,,,,,,,,,,,,,,,,,,,,,,,,,,,,,,,,,,,,,,,,,,,,,,,,,,,,,,,,,,,,,,,,,,,,,,,,,,,,,,,,,,,,,,,,,,,,,,,,,,,,,,,,,,,,,,,,,,,,,,,,,,,,,,,,,,,,,,888805611817797,"Sushi Founder Ads Account","Conversion ABO web",23849353082650786,"PG -  Recetas > Aprendizaje, +2 > Compras, +2 > Sushi",23849353303580786,23849353303700786,2022-01-29,2022-01-31,2022-01-29,"En curso",2022-02-05,2022-02-05,CONVERSIONS,0,ABSOLUTE_OCPM,8000,Daily,,2022-01-30T08:39:32-0500
"x1 u0 Ad img 07 copy 01",,,,,,0,0,0,inactive,inactive,0,0,0,0,0,0,"7-day click or 1-day view",-,-,-,,0,0,,,,,,,,,,,,,,,,,,,,,,,,,,,,,,,,00:00:00,,0,0,,,,,,,,,,,0,,,0,0,0,0,,,,,,,0,0,0,0,,,,,,,,,,,,,,,,,,,,,,,,,,,,,,,,,,,,,,,,,,,,,,,,,,,,,,,,,,,,,,,,,,,,,,,,,,,,,,,,,,,,,,,,,,,,,,,,,,,,,,,,,,,,,,,,,,,,,,,,,,,,,,,,,,,,,,,,,,,,,,,,,,,,,,,,,,,,,,,,,,,,,,,,,,,,,,888805611817797,"Sushi Founder Ads Account","Conversion ABO web",23849353082650786,"PG -  Recetas > Aprendizaje, +2 > Compras, +2 > Sushi",23849353303580786,23849353303720786,2022-01-29,2022-01-31,2022-01-29,"En curso",2022-02-05,2022-02-05,CONVERSIONS,0,ABSOLUTE_OCPM,8000,Daily,,2022-01-30T08:39:32-0500
"x0 Ad img 05 copy 01",,,,,,0,0,0,inactive,inactive,0,0,0,0,0,0,"7-day click or 1-day view",-,-,-,,0,0,,,,,,,,,,,,,,,,,,,,,,,,,,,,,,,,00:00:00,,0,0,,,,,,,,,,,0,,,0,0,0,0,,,,,,,0,0,0,0,,,,,,,,,,,,,,,,,,,,,,,,,,,,,,,,,,,,,,,,,,,,,,,,,,,,,,,,,,,,,,,,,,,,,,,,,,,,,,,,,,,,,,,,,,,,,,,,,,,,,,,,,,,,,,,,,,,,,,,,,,,,,,,,,,,,,,,,,,,,,,,,,,,,,,,,,,,,,,,,,,,,,,,,,,,,,,888805611817797,"Sushi Founder Ads Account","Conversion ABO web",23849353082650786,"PG -  Recetas > Aprendizaje, +2 > Compras, +2 > Sushi",23849353303580786,23849353303730786,2022-01-29,2022-01-30,2022-01-29,"En curso",2022-02-05,2022-02-05,CONVERSIONS,0,ABSOLUTE_OCPM,8000,Daily,,2022-01-30T08:39:32-0500
"u2 Ad img 01 copy 01",,,,,,0,0,0,not_delivering,inactive,0,0,0,0,0,0,"7-day click or 1-day view",-,-,-,,0,0,,,,,,,,,,,,,,,,,,,,,,,,,,,,,,,,00:00:00,,0,0,,,,,,,,,,,0,,,0,0,0,0,,,,,,,0,0,0,0,,,,,,,,,,,,,,,,,,,,,,,,,,,,,,,,,,,,,,,,,,,,,,,,,,,,,,,,,,,,,,,,,,,,,,,,,,,,,,,,,,,,,,,,,,,,,,,,,,,,,,,,,,,,,,,,,,,,,,,,,,,,,,,,,,,,,,,,,,,,,,,,,,,,,,,,,,,,,,,,,,,,,,,,,,,,,,888805611817797,"Sushi Founder Ads Account","Conversion ABO web",23849353082650786,"fusion adsets",23849353327670786,23849353327620786,2022-01-29,2022-02-01,2022-01-29,"En curso",2022-02-05,2022-02-05,CONVERSIONS,0,ABSOLUTE_OCPM,12000,Daily,,2022-02-01T11:43:10-0500
"u2 Ad img 18 copy 1",,,,,,0,0,0,not_delivering,inactive,0,0,0,0,0,0,"7-day click or 1-day view",-,-,-,,0,0,,,,,,,,,,,,,,,,,,,,,,,,,,,,,,,,00:00:00,,0,0,,,,,,,,,,,0,,,0,0,0,0,,,,,,,0,0,0,0,,,,,,,,,,,,,,,,,,,,,,,,,,,,,,,,,,,,,,,,,,,,,,,,,,,,,,,,,,,,,,,,,,,,,,,,,,,,,,,,,,,,,,,,,,,,,,,,,,,,,,,,,,,,,,,,,,,,,,,,,,,,,,,,,,,,,,,,,,,,,,,,,,,,,,,,,,,,,,,,,,,,,,,,,,,,,,888805611817797,"Sushi Founder Ads Account","Conversion ABO web",23849353082650786,"fusion adsets",23849353327670786,23849353327630786,2022-01-29,2022-02-01,2022-01-29,"En curso",2022-02-05,2022-02-05,CONVERSIONS,0,ABSOLUTE_OCPM,12000,Daily,,2022-02-01T11:43:10-0500
"x2 Ad img 17 copy 01",,,,,,0,0,0,inactive,inactive,0,0,0,0,0,0,"7-day click or 1-day view",-,-,-,,0,0,,,,,,,,,,,,,,,,,,,,,,,,,,,,,,,,00:00:00,,0,0,,,,,,,,,,,0,,,0,0,0,0,,,,,,,0,0,0,0,,,,,,,,,,,,,,,,,,,,,,,,,,,,,,,,,,,,,,,,,,,,,,,,,,,,,,,,,,,,,,,,,,,,,,,,,,,,,,,,,,,,,,,,,,,,,,,,,,,,,,,,,,,,,,,,,,,,,,,,,,,,,,,,,,,,,,,,,,,,,,,,,,,,,,,,,,,,,,,,,,,,,,,,,,,,,,888805611817797,"Sushi Founder Ads Account","Conversion ABO web",23849353082650786,"fusion adsets",23849353327670786,23849353327640786,2022-01-29,2022-02-01,2022-01-29,"En curso",2022-02-05,2022-02-05,CONVERSIONS,0,ABSOLUTE_OCPM,12000,Daily,,2022-02-01T11:43:10-0500
"x2 Ad img 15 copy 01",,,,,,0,0,0,inactive,inactive,0,0,0,0,0,0,"7-day click or 1-day view",-,-,-,,0,0,,,,,,,,,,,,,,,,,,,,,,,,,,,,,,,,00:00:00,,0,0,,,,,,,,,,,0,,,0,0,0,0,,,,,,,0,0,0,0,,,,,,,,,,,,,,,,,,,,,,,,,,,,,,,,,,,,,,,,,,,,,,,,,,,,,,,,,,,,,,,,,,,,,,,,,,,,,,,,,,,,,,,,,,,,,,,,,,,,,,,,,,,,,,,,,,,,,,,,,,,,,,,,,,,,,,,,,,,,,,,,,,,,,,,,,,,,,,,,,,,,,,,,,,,,,,888805611817797,"Sushi Founder Ads Account","Conversion ABO web",23849353082650786,"fusion adsets",23849353327670786,23849353327650786,2022-01-29,2022-02-01,2022-01-29,"En curso",2022-02-05,2022-02-05,CONVERSIONS,0,ABSOLUTE_OCPM,12000,Daily,,2022-02-01T11:43:10-0500
"x2 Ad img 16 copy 01",,,,,,0,0,0,inactive,inactive,0,0,0,0,0,0,"7-day click or 1-day view",-,-,-,,0,0,,,,,,,,,,,,,,,,,,,,,,,,,,,,,,,,00:00:00,,0,0,,,,,,,,,,,0,,,0,0,0,0,,,,,,,0,0,0,0,,,,,,,,,,,,,,,,,,,,,,,,,,,,,,,,,,,,,,,,,,,,,,,,,,,,,,,,,,,,,,,,,,,,,,,,,,,,,,,,,,,,,,,,,,,,,,,,,,,,,,,,,,,,,,,,,,,,,,,,,,,,,,,,,,,,,,,,,,,,,,,,,,,,,,,,,,,,,,,,,,,,,,,,,,,,,,888805611817797,"Sushi Founder Ads Account","Conversion ABO web",23849353082650786,"fusion adsets",23849353327670786,23849353327660786,2022-01-29,2022-02-01,2022-01-29,"En curso",2022-02-05,2022-02-05,CONVERSIONS,0,ABSOLUTE_OCPM,12000,Daily,,2022-02-01T11:43:10-0500
"x2 Ad img 20 copy 01",,,,,,0,0,0,inactive,inactive,0,0,0,0,0,0,"7-day click or 1-day view",-,-,-,,0,0,,,,,,,,,,,,,,,,,,,,,,,,,,,,,,,,00:00:00,,0,0,,,,,,,,,,,0,,,0,0,0,0,,,,,,,0,0,0,0,,,,,,,,,,,,,,,,,,,,,,,,,,,,,,,,,,,,,,,,,,,,,,,,,,,,,,,,,,,,,,,,,,,,,,,,,,,,,,,,,,,,,,,,,,,,,,,,,,,,,,,,,,,,,,,,,,,,,,,,,,,,,,,,,,,,,,,,,,,,,,,,,,,,,,,,,,,,,,,,,,,,,,,,,,,,,,888805611817797,"Sushi Founder Ads Account","Conversion ABO web",23849353082650786,"fusion adsets",23849353327670786,23849353327680786,2022-01-29,2022-02-01,2022-01-29,"En curso",2022-02-05,2022-02-05,CONVERSIONS,0,ABSOLUTE_OCPM,12000,Daily,,2022-02-01T11:43:10-0500
"u2 Ad img 02 copy 01",,,,,,0,0,0,not_delivering,inactive,0,0,0,0,0,0,"7-day click or 1-day view",-,-,-,,0,0,,,,,,,,,,,,,,,,,,,,,,,,,,,,,,,,00:00:00,,0,0,,,,,,,,,,,0,,,0,0,0,0,,,,,,,0,0,0,0,,,,,,,,,,,,,,,,,,,,,,,,,,,,,,,,,,,,,,,,,,,,,,,,,,,,,,,,,,,,,,,,,,,,,,,,,,,,,,,,,,,,,,,,,,,,,,,,,,,,,,,,,,,,,,,,,,,,,,,,,,,,,,,,,,,,,,,,,,,,,,,,,,,,,,,,,,,,,,,,,,,,,,,,,,,,,,888805611817797,"Sushi Founder Ads Account","Conversion ABO web",23849353082650786,"fusion adsets",23849353327670786,23849353327690786,2022-01-29,2022-02-01,2022-01-29,"En curso",2022-02-05,2022-02-05,CONVERSIONS,0,ABSOLUTE_OCPM,12000,Daily,,2022-02-01T11:43:10-0500
"x2 Ad img 19 copy 01",,,,,,0,0,0,inactive,inactive,0,0,0,0,0,0,"7-day click or 1-day view",-,-,-,,0,0,,,,,,,,,,,,,,,,,,,,,,,,,,,,,,,,00:00:00,,0,0,,,,,,,,,,,0,,,0,0,0,0,,,,,,,0,0,0,0,,,,,,,,,,,,,,,,,,,,,,,,,,,,,,,,,,,,,,,,,,,,,,,,,,,,,,,,,,,,,,,,,,,,,,,,,,,,,,,,,,,,,,,,,,,,,,,,,,,,,,,,,,,,,,,,,,,,,,,,,,,,,,,,,,,,,,,,,,,,,,,,,,,,,,,,,,,,,,,,,,,,,,,,,,,,,,888805611817797,"Sushi Founder Ads Account","Conversion ABO web",23849353082650786,"fusion adsets",23849353327670786,23849353327700786,2022-01-29,2022-02-01,2022-01-29,"En curso",2022-02-05,2022-02-05,CONVERSIONS,0,ABSOLUTE_OCPM,12000,Daily,,2022-02-01T11:43:10-0500
"x2 Ad img 12 copy 01",,,,,,0,0,0,inactive,inactive,0,0,0,0,0,0,"7-day click or 1-day view",-,-,-,,0,0,,,,,,,,,,,,,,,,,,,,,,,,,,,,,,,,00:00:00,,0,0,,,,,,,,,,,0,,,0,0,0,0,,,,,,,0,0,0,0,,,,,,,,,,,,,,,,,,,,,,,,,,,,,,,,,,,,,,,,,,,,,,,,,,,,,,,,,,,,,,,,,,,,,,,,,,,,,,,,,,,,,,,,,,,,,,,,,,,,,,,,,,,,,,,,,,,,,,,,,,,,,,,,,,,,,,,,,,,,,,,,,,,,,,,,,,,,,,,,,,,,,,,,,,,,,,888805611817797,"Sushi Founder Ads Account","Conversion ABO web",23849353082650786,"fusion adsets",23849353327670786,23849353327710786,2022-01-29,2022-02-01,2022-01-29,"En curso",2022-02-05,2022-02-05,CONVERSIONS,0,ABSOLUTE_OCPM,12000,Daily,,2022-02-01T11:43:10-0500
"x2 Ad img 13 copy 01",,,,,,0,0,0,inactive,inactive,0,0,0,0,0,0,"7-day click or 1-day view",-,-,-,,0,0,,,,,,,,,,,,,,,,,,,,,,,,,,,,,,,,00:00:00,,0,0,,,,,,,,,,,0,,,0,0,0,0,,,,,,,0,0,0,0,,,,,,,,,,,,,,,,,,,,,,,,,,,,,,,,,,,,,,,,,,,,,,,,,,,,,,,,,,,,,,,,,,,,,,,,,,,,,,,,,,,,,,,,,,,,,,,,,,,,,,,,,,,,,,,,,,,,,,,,,,,,,,,,,,,,,,,,,,,,,,,,,,,,,,,,,,,,,,,,,,,,,,,,,,,,,,888805611817797,"Sushi Founder Ads Account","Conversion ABO web",23849353082650786,"fusion adsets",23849353327670786,23849353327720786,2022-01-29,2022-02-01,2022-01-29,"En curso",2022-02-05,2022-02-05,CONVERSIONS,0,ABSOLUTE_OCPM,12000,Daily,,2022-02-01T11:43:10-0500
"x2 Ad img 14 copy 01",,,,,,0,0,0,inactive,inactive,0,0,0,0,0,0,"7-day click or 1-day view",-,-,-,,0,0,,,,,,,,,,,,,,,,,,,,,,,,,,,,,,,,00:00:00,,0,0,,,,,,,,,,,0,,,0,0,0,0,,,,,,,0,0,0,0,,,,,,,,,,,,,,,,,,,,,,,,,,,,,,,,,,,,,,,,,,,,,,,,,,,,,,,,,,,,,,,,,,,,,,,,,,,,,,,,,,,,,,,,,,,,,,,,,,,,,,,,,,,,,,,,,,,,,,,,,,,,,,,,,,,,,,,,,,,,,,,,,,,,,,,,,,,,,,,,,,,,,,,,,,,,,,888805611817797,"Sushi Founder Ads Account","Conversion ABO web",23849353082650786,"fusion adsets",23849353327670786,23849353327730786,2022-01-29,2022-02-01,2022-01-29,"En curso",2022-02-05,2022-02-05,CONVERSIONS,0,ABSOLUTE_OCPM,12000,Daily,,2022-02-01T11:43:10-0500
"u2 Ad img 06 copy 01",,,,,,0,0,0,not_delivering,inactive,0,0,0,0,0,0,"7-day click or 1-day view",-,-,-,,0,0,,,,,,,,,,,,,,,,,,,,,,,,,,,,,,,,00:00:00,,0,0,,,,,,,,,,,0,,,0,0,0,0,,,,,,,0,0,0,0,,,,,,,,,,,,,,,,,,,,,,,,,,,,,,,,,,,,,,,,,,,,,,,,,,,,,,,,,,,,,,,,,,,,,,,,,,,,,,,,,,,,,,,,,,,,,,,,,,,,,,,,,,,,,,,,,,,,,,,,,,,,,,,,,,,,,,,,,,,,,,,,,,,,,,,,,,,,,,,,,,,,,,,,,,,,,,888805611817797,"Sushi Founder Ads Account","Conversion ABO web",23849353082650786,"fusion adsets",23849353327670786,23849353327740786,2022-01-29,2022-02-01,2022-01-29,"En curso",2022-02-05,2022-02-05,CONVERSIONS,0,ABSOLUTE_OCPM,12000,Daily,,2022-02-01T11:43:10-0500
"u2 Ad img 08 copy 01",,,,,,0,0,0,not_delivering,inactive,0,0,0,0,0,0,"7-day click or 1-day view",-,-,-,,0,0,,,,,,,,,,,,,,,,,,,,,,,,,,,,,,,,00:00:00,,0,0,,,,,,,,,,,0,,,0,0,0,0,,,,,,,0,0,0,0,,,,,,,,,,,,,,,,,,,,,,,,,,,,,,,,,,,,,,,,,,,,,,,,,,,,,,,,,,,,,,,,,,,,,,,,,,,,,,,,,,,,,,,,,,,,,,,,,,,,,,,,,,,,,,,,,,,,,,,,,,,,,,,,,,,,,,,,,,,,,,,,,,,,,,,,,,,,,,,,,,,,,,,,,,,,,,888805611817797,"Sushi Founder Ads Account","Conversion ABO web",23849353082650786,"fusion adsets",23849353327670786,23849353327750786,2022-01-29,2022-02-01,2022-01-29,"En curso",2022-02-05,2022-02-05,CONVERSIONS,0,ABSOLUTE_OCPM,12000,Daily,,2022-02-01T11:43:10-0500
"u2 Ad img 07 copy 01",,,,,,0,0,0,not_delivering,inactive,0,0,0,0,0,0,"7-day click or 1-day view",-,-,-,,0,0,,,,,,,,,,,,,,,,,,,,,,,,,,,,,,,,00:00:00,,0,0,,,,,,,,,,,0,,,0,0,0,0,,,,,,,0,0,0,0,,,,,,,,,,,,,,,,,,,,,,,,,,,,,,,,,,,,,,,,,,,,,,,,,,,,,,,,,,,,,,,,,,,,,,,,,,,,,,,,,,,,,,,,,,,,,,,,,,,,,,,,,,,,,,,,,,,,,,,,,,,,,,,,,,,,,,,,,,,,,,,,,,,,,,,,,,,,,,,,,,,,,,,,,,,,,,888805611817797,"Sushi Founder Ads Account","Conversion ABO web",23849353082650786,"fusion adsets",23849353327670786,23849353327760786,2022-01-29,2022-02-01,2022-01-29,"En curso",2022-02-05,2022-02-05,CONVERSIONS,0,ABSOLUTE_OCPM,12000,Daily,,2022-02-01T11:43:10-0500
"x2 Ad img 05 copy 01",,,,,,0,0,0,inactive,inactive,0,0,0,0,0,0,"7-day click or 1-day view",-,-,-,,0,0,,,,,,,,,,,,,,,,,,,,,,,,,,,,,,,,00:00:00,,0,0,,,,,,,,,,,0,,,0,0,0,0,,,,,,,0,0,0,0,,,,,,,,,,,,,,,,,,,,,,,,,,,,,,,,,,,,,,,,,,,,,,,,,,,,,,,,,,,,,,,,,,,,,,,,,,,,,,,,,,,,,,,,,,,,,,,,,,,,,,,,,,,,,,,,,,,,,,,,,,,,,,,,,,,,,,,,,,,,,,,,,,,,,,,,,,,,,,,,,,,,,,,,,,,,,,888805611817797,"Sushi Founder Ads Account","Conversion ABO web",23849353082650786,"fusion adsets",23849353327670786,23849353327770786,2022-01-29,2022-02-01,2022-01-29,"En curso",2022-02-05,2022-02-05,CONVERSIONS,0,ABSOLUTE_OCPM,12000,Daily,,2022-02-01T11:43:10-0500
"u2 Ad img 09 copy 01",,,,,,0,0,0,not_delivering,inactive,0,0,0,0,0,0,"7-day click or 1-day view",-,-,-,,0,0,,,,,,,,,,,,,,,,,,,,,,,,,,,,,,,,00:00:00,,0,0,,,,,,,,,,,0,,,0,0,0,0,,,,,,,0,0,0,0,,,,,,,,,,,,,,,,,,,,,,,,,,,,,,,,,,,,,,,,,,,,,,,,,,,,,,,,,,,,,,,,,,,,,,,,,,,,,,,,,,,,,,,,,,,,,,,,,,,,,,,,,,,,,,,,,,,,,,,,,,,,,,,,,,,,,,,,,,,,,,,,,,,,,,,,,,,,,,,,,,,,,,,,,,,,,,888805611817797,"Sushi Founder Ads Account","Conversion ABO web",23849353082650786,"fusion adsets",23849353327670786,23849353327780786,2022-01-29,2022-02-01,2022-01-29,"En curso",2022-02-05,2022-02-05,CONVERSIONS,0,ABSOLUTE_OCPM,12000,Daily,,2022-02-01T11:43:10-0500
"x2 Ad img 10 copy 01",,,,,,0,0,0,inactive,inactive,0,0,0,0,0,0,"7-day click or 1-day view",-,-,-,,0,0,,,,,,,,,,,,,,,,,,,,,,,,,,,,,,,,00:00:00,,0,0,,,,,,,,,,,0,,,0,0,0,0,,,,,,,0,0,0,0,,,,,,,,,,,,,,,,,,,,,,,,,,,,,,,,,,,,,,,,,,,,,,,,,,,,,,,,,,,,,,,,,,,,,,,,,,,,,,,,,,,,,,,,,,,,,,,,,,,,,,,,,,,,,,,,,,,,,,,,,,,,,,,,,,,,,,,,,,,,,,,,,,,,,,,,,,,,,,,,,,,,,,,,,,,,,,888805611817797,"Sushi Founder Ads Account","Conversion ABO web",23849353082650786,"fusion adsets",23849353327670786,23849353327790786,2022-01-29,2022-02-01,2022-01-29,"En curso",2022-02-05,2022-02-05,CONVERSIONS,0,ABSOLUTE_OCPM,12000,Daily,,2022-02-01T11:43:10-0500
"x2 Ad img 03 copy 01",,,,,,0,0,0,inactive,inactive,0,0,0,0,0,0,"7-day click or 1-day view",-,-,-,,0,0,,,,,,,,,,,,,,,,,,,,,,,,,,,,,,,,00:00:00,,0,0,,,,,,,,,,,0,,,0,0,0,0,,,,,,,0,0,0,0,,,,,,,,,,,,,,,,,,,,,,,,,,,,,,,,,,,,,,,,,,,,,,,,,,,,,,,,,,,,,,,,,,,,,,,,,,,,,,,,,,,,,,,,,,,,,,,,,,,,,,,,,,,,,,,,,,,,,,,,,,,,,,,,,,,,,,,,,,,,,,,,,,,,,,,,,,,,,,,,,,,,,,,,,,,,,,888805611817797,"Sushi Founder Ads Account","Conversion ABO web",23849353082650786,"fusion adsets",23849353327670786,23849353327800786,2022-01-29,2022-02-01,2022-01-29,"En curso",2022-02-05,2022-02-05,CONVERSIONS,0,ABSOLUTE_OCPM,12000,Daily,,2022-02-01T11:43:10-0500
"x2 Ad img 11 copy 01",,,,,,0,0,0,inactive,inactive,0,0,0,0,0,0,"7-day click or 1-day view",-,-,-,,0,0,,,,,,,,,,,,,,,,,,,,,,,,,,,,,,,,00:00:00,,0,0,,,,,,,,,,,0,,,0,0,0,0,,,,,,,0,0,0,0,,,,,,,,,,,,,,,,,,,,,,,,,,,,,,,,,,,,,,,,,,,,,,,,,,,,,,,,,,,,,,,,,,,,,,,,,,,,,,,,,,,,,,,,,,,,,,,,,,,,,,,,,,,,,,,,,,,,,,,,,,,,,,,,,,,,,,,,,,,,,,,,,,,,,,,,,,,,,,,,,,,,,,,,,,,,,,888805611817797,"Sushi Founder Ads Account","Conversion ABO web",23849353082650786,"fusion adsets",23849353327670786,23849353327810786,2022-01-29,2022-02-01,2022-01-29,"En curso",2022-02-05,2022-02-05,CONVERSIONS,0,ABSOLUTE_OCPM,12000,Daily,,2022-02-01T11:43:10-0500
"u2 Ad img 04 copy 01",,,,,,0,0,0,not_delivering,inactive,0,0,0,0,0,0,"7-day click or 1-day view",-,-,-,,0,0,,,,,,,,,,,,,,,,,,,,,,,,,,,,,,,,00:00:00,,0,0,,,,,,,,,,,0,,,0,0,0,0,,,,,,,0,0,0,0,,,,,,,,,,,,,,,,,,,,,,,,,,,,,,,,,,,,,,,,,,,,,,,,,,,,,,,,,,,,,,,,,,,,,,,,,,,,,,,,,,,,,,,,,,,,,,,,,,,,,,,,,,,,,,,,,,,,,,,,,,,,,,,,,,,,,,,,,,,,,,,,,,,,,,,,,,,,,,,,,,,,,,,,,,,,,,888805611817797,"Sushi Founder Ads Account","Conversion ABO web",23849353082650786,"fusion adsets",23849353327670786,23849353327820786,2022-01-29,2022-02-01,2022-01-29,"En curso",2022-02-05,2022-02-05,CONVERSIONS,0,ABSOLUTE_OCPM,12000,Daily,,2022-02-01T11:43:10-0500
"x1 Ad img 01 copy 01",,,,,,0,0,0,inactive,inactive,0,0,0,0,0,0,"7-day click or 1-day view",-,-,-,,0,0,,,,,,,,,,,,,,,,,,,,,,,,,,,,,,,,00:00:00,,0,0,,,,,,,,,,,0,,,0,0,0,0,,,,,,,0,0,0,0,,,,,,,,,,,,,,,,,,,,,,,,,,,,,,,,,,,,,,,,,,,,,,,,,,,,,,,,,,,,,,,,,,,,,,,,,,,,,,,,,,,,,,,,,,,,,,,,,,,,,,,,,,,,,,,,,,,,,,,,,,,,,,,,,,,,,,,,,,,,,,,,,,,,,,,,,,,,,,,,,,,,,,,,,,,,,,888805611817797,"Sushi Founder Ads Account","Conversion ABO web",23849353082650786,"PG -  Gastronomia > Sushi",23849353353650786,23849353353660786,2022-01-29,2022-02-01,2022-01-29,"En curso",2022-02-05,2022-02-05,CONVERSIONS,0,ABSOLUTE_OCPM,8000,Daily,,2022-02-01T11:42:52-0500
"Ad img 19 copy 1",,,,,,0,0,0,inactive,inactive,0,0,0,0,0,0,"7-day click or 1-day view",-,-,-,,0,0,,,,,,,,,,,,,,,,,,,,,,,,,,,,,,,,00:00:00,,0,0,,,,,,,,,,,0,,,0,0,0,0,,,,,,,0,0,0,0,,,,,,,,,,,,,,,,,,,,,,,,,,,,,,,,,,,,,,,,,,,,,,,,,,,,,,,,,,,,,,,,,,,,,,,,,,,,,,,,,,,,,,,,,,,,,,,,,,,,,,,,,,,,,,,,,,,,,,,,,,,,,,,,,,,,,,,,,,,,,,,,,,,,,,,,,,,,,,,,,,,,,,,,,,,,,,888805611817797,"Sushi Founder Ads Account","Conversion ABO web",23849353082650786,"PG -  Gastronomia > Sushi",23849353353650786,23849353353670786,2022-01-29,2022-02-01,2022-01-29,"En curso",2022-02-05,2022-02-05,CONVERSIONS,0,ABSOLUTE_OCPM,8000,Daily,,2022-02-01T11:42:52-0500
"Ad img 20 copy 1",,,,,,0,0,0,inactive,inactive,0,0,0,0,0,0,"7-day click or 1-day view",-,-,-,,0,0,,,,,,,,,,,,,,,,,,,,,,,,,,,,,,,,00:00:00,,0,0,,,,,,,,,,,0,,,0,0,0,0,,,,,,,0,0,0,0,,,,,,,,,,,,,,,,,,,,,,,,,,,,,,,,,,,,,,,,,,,,,,,,,,,,,,,,,,,,,,,,,,,,,,,,,,,,,,,,,,,,,,,,,,,,,,,,,,,,,,,,,,,,,,,,,,,,,,,,,,,,,,,,,,,,,,,,,,,,,,,,,,,,,,,,,,,,,,,,,,,,,,,,,,,,,,888805611817797,"Sushi Founder Ads Account","Conversion ABO web",23849353082650786,"PG -  Gastronomia > Sushi",23849353353650786,23849353353680786,2022-01-29,2022-02-01,2022-01-29,"En curso",2022-02-05,2022-02-05,CONVERSIONS,0,ABSOLUTE_OCPM,8000,Daily,,2022-02-01T11:42:52-0500
"Ad img 11 copy 1",,,,,,0,0,0,inactive,inactive,0,0,0,0,0,0,"7-day click or 1-day view",-,-,-,,0,0,,,,,,,,,,,,,,,,,,,,,,,,,,,,,,,,00:00:00,,0,0,,,,,,,,,,,0,,,0,0,0,0,,,,,,,0,0,0,0,,,,,,,,,,,,,,,,,,,,,,,,,,,,,,,,,,,,,,,,,,,,,,,,,,,,,,,,,,,,,,,,,,,,,,,,,,,,,,,,,,,,,,,,,,,,,,,,,,,,,,,,,,,,,,,,,,,,,,,,,,,,,,,,,,,,,,,,,,,,,,,,,,,,,,,,,,,,,,,,,,,,,,,,,,,,,,888805611817797,"Sushi Founder Ads Account","Conversion ABO web",23849353082650786,"PG -  Gastronomia > Sushi",23849353353650786,23849353353690786,2022-01-29,2022-02-01,2022-01-29,"En curso",2022-02-05,2022-02-05,CONVERSIONS,0,ABSOLUTE_OCPM,8000,Daily,,2022-02-01T11:42:52-0500
"u1 Ad img 18 copy 1",,,,,,0,0,0,not_delivering,inactive,0,0,0,0,0,0,"7-day click or 1-day view",-,-,-,,0,0,,,,,,,,,,,,,,,,,,,,,,,,,,,,,,,,00:00:00,,0,0,,,,,,,,,,,0,,,0,0,0,0,,,,,,,0,0,0,0,,,,,,,,,,,,,,,,,,,,,,,,,,,,,,,,,,,,,,,,,,,,,,,,,,,,,,,,,,,,,,,,,,,,,,,,,,,,,,,,,,,,,,,,,,,,,,,,,,,,,,,,,,,,,,,,,,,,,,,,,,,,,,,,,,,,,,,,,,,,,,,,,,,,,,,,,,,,,,,,,,,,,,,,,,,,,,888805611817797,"Sushi Founder Ads Account","Conversion ABO web",23849353082650786,"PG -  Gastronomia > Sushi",23849353353650786,23849353353700786,2022-01-29,2022-02-01,2022-01-29,"En curso",2022-02-05,2022-02-05,CONVERSIONS,0,ABSOLUTE_OCPM,8000,Daily,,2022-02-01T11:42:52-0500
"Ad img 16 copy 1",,,,,,0,0,0,inactive,inactive,0,0,0,0,0,0,"7-day click or 1-day view",-,-,-,,0,0,,,,,,,,,,,,,,,,,,,,,,,,,,,,,,,,00:00:00,,0,0,,,,,,,,,,,0,,,0,0,0,0,,,,,,,0,0,0,0,,,,,,,,,,,,,,,,,,,,,,,,,,,,,,,,,,,,,,,,,,,,,,,,,,,,,,,,,,,,,,,,,,,,,,,,,,,,,,,,,,,,,,,,,,,,,,,,,,,,,,,,,,,,,,,,,,,,,,,,,,,,,,,,,,,,,,,,,,,,,,,,,,,,,,,,,,,,,,,,,,,,,,,,,,,,,,888805611817797,"Sushi Founder Ads Account","Conversion ABO web",23849353082650786,"PG -  Gastronomia > Sushi",23849353353650786,23849353353710786,2022-01-29,2022-02-01,2022-01-29,"En curso",2022-02-05,2022-02-05,CONVERSIONS,0,ABSOLUTE_OCPM,8000,Daily,,2022-02-01T11:42:52-0500
"u1 Ad img 17 copy 1",,,,,,0,0,0,not_delivering,inactive,0,0,0,0,0,0,"7-day click or 1-day view",-,-,-,,0,0,,,,,,,,,,,,,,,,,,,,,,,,,,,,,,,,00:00:00,,0,0,,,,,,,,,,,0,,,0,0,0,0,,,,,,,0,0,0,0,,,,,,,,,,,,,,,,,,,,,,,,,,,,,,,,,,,,,,,,,,,,,,,,,,,,,,,,,,,,,,,,,,,,,,,,,,,,,,,,,,,,,,,,,,,,,,,,,,,,,,,,,,,,,,,,,,,,,,,,,,,,,,,,,,,,,,,,,,,,,,,,,,,,,,,,,,,,,,,,,,,,,,,,,,,,,,888805611817797,"Sushi Founder Ads Account","Conversion ABO web",23849353082650786,"PG -  Gastronomia > Sushi",23849353353650786,23849353353720786,2022-01-29,2022-02-01,2022-01-29,"En curso",2022-02-05,2022-02-05,CONVERSIONS,0,ABSOLUTE_OCPM,8000,Daily,,2022-02-01T11:42:52-0500
"Ad img 02 copy 01",,,,,,0,0,0,not_delivering,inactive,0,0,0,0,0,0,"7-day click or 1-day view",-,-,-,,0,0,,,,,,,,,,,,,,,,,,,,,,,,,,,,,,,,00:00:00,,0,0,,,,,,,,,,,0,,,0,0,0,0,,,,,,,0,0,0,0,,,,,,,,,,,,,,,,,,,,,,,,,,,,,,,,,,,,,,,,,,,,,,,,,,,,,,,,,,,,,,,,,,,,,,,,,,,,,,,,,,,,,,,,,,,,,,,,,,,,,,,,,,,,,,,,,,,,,,,,,,,,,,,,,,,,,,,,,,,,,,,,,,,,,,,,,,,,,,,,,,,,,,,,,,,,,,888805611817797,"Sushi Founder Ads Account","Conversion ABO web",23849353082650786,"PG -  Gastronomia > Sushi",23849353353650786,23849353353730786,2022-01-29,2022-02-01,2022-01-29,"En curso",2022-02-05,2022-02-05,CONVERSIONS,0,ABSOLUTE_OCPM,8000,Daily,,2022-02-01T11:42:52-0500
"Ad img 14 copy 1",,,,,,0,0,0,inactive,inactive,0,0,0,0,0,0,"7-day click or 1-day view",-,-,-,,0,0,,,,,,,,,,,,,,,,,,,,,,,,,,,,,,,,00:00:00,,0,0,,,,,,,,,,,0,,,0,0,0,0,,,,,,,0,0,0,0,,,,,,,,,,,,,,,,,,,,,,,,,,,,,,,,,,,,,,,,,,,,,,,,,,,,,,,,,,,,,,,,,,,,,,,,,,,,,,,,,,,,,,,,,,,,,,,,,,,,,,,,,,,,,,,,,,,,,,,,,,,,,,,,,,,,,,,,,,,,,,,,,,,,,,,,,,,,,,,,,,,,,,,,,,,,,,888805611817797,"Sushi Founder Ads Account","Conversion ABO web",23849353082650786,"PG -  Gastronomia > Sushi",23849353353650786,23849353353740786,2022-01-29,2022-02-01,2022-01-29,"En curso",2022-02-05,2022-02-05,CONVERSIONS,0,ABSOLUTE_OCPM,8000,Daily,,2022-02-01T11:42:52-0500
"Ad img 10 copy 1",,,,,,0,0,0,inactive,inactive,0,0,0,0,0,0,"7-day click or 1-day view",-,-,-,,0,0,,,,,,,,,,,,,,,,,,,,,,,,,,,,,,,,00:00:00,,0,0,,,,,,,,,,,0,,,0,0,0,0,,,,,,,0,0,0,0,,,,,,,,,,,,,,,,,,,,,,,,,,,,,,,,,,,,,,,,,,,,,,,,,,,,,,,,,,,,,,,,,,,,,,,,,,,,,,,,,,,,,,,,,,,,,,,,,,,,,,,,,,,,,,,,,,,,,,,,,,,,,,,,,,,,,,,,,,,,,,,,,,,,,,,,,,,,,,,,,,,,,,,,,,,,,,888805611817797,"Sushi Founder Ads Account","Conversion ABO web",23849353082650786,"PG -  Gastronomia > Sushi",23849353353650786,23849353353750786,2022-01-29,2022-02-01,2022-01-29,"En curso",2022-02-05,2022-02-05,CONVERSIONS,0,ABSOLUTE_OCPM,8000,Daily,,2022-02-01T11:42:52-0500
"Ad img 12 copy 1",,,,,,0,0,0,inactive,inactive,0,0,0,0,0,0,"7-day click or 1-day view",-,-,-,,0,0,,,,,,,,,,,,,,,,,,,,,,,,,,,,,,,,00:00:00,,0,0,,,,,,,,,,,0,,,0,0,0,0,,,,,,,0,0,0,0,,,,,,,,,,,,,,,,,,,,,,,,,,,,,,,,,,,,,,,,,,,,,,,,,,,,,,,,,,,,,,,,,,,,,,,,,,,,,,,,,,,,,,,,,,,,,,,,,,,,,,,,,,,,,,,,,,,,,,,,,,,,,,,,,,,,,,,,,,,,,,,,,,,,,,,,,,,,,,,,,,,,,,,,,,,,,,888805611817797,"Sushi Founder Ads Account","Conversion ABO web",23849353082650786,"PG -  Gastronomia > Sushi",23849353353650786,23849353353760786,2022-01-29,2022-02-01,2022-01-29,"En curso",2022-02-05,2022-02-05,CONVERSIONS,0,ABSOLUTE_OCPM,8000,Daily,,2022-02-01T11:42:52-0500
"u1 Ad img 08 copy 01",,,,,,0,0,0,not_delivering,inactive,0,0,0,0,0,0,"7-day click or 1-day view",-,-,-,,0,0,,,,,,,,,,,,,,,,,,,,,,,,,,,,,,,,00:00:00,,0,0,,,,,,,,,,,0,,,0,0,0,0,,,,,,,0,0,0,0,,,,,,,,,,,,,,,,,,,,,,,,,,,,,,,,,,,,,,,,,,,,,,,,,,,,,,,,,,,,,,,,,,,,,,,,,,,,,,,,,,,,,,,,,,,,,,,,,,,,,,,,,,,,,,,,,,,,,,,,,,,,,,,,,,,,,,,,,,,,,,,,,,,,,,,,,,,,,,,,,,,,,,,,,,,,,,888805611817797,"Sushi Founder Ads Account","Conversion ABO web",23849353082650786,"PG -  Gastronomia > Sushi",23849353353650786,23849353353770786,2022-01-29,2022-02-01,2022-01-29,"En curso",2022-02-05,2022-02-05,CONVERSIONS,0,ABSOLUTE_OCPM,8000,Daily,,2022-02-01T11:42:52-0500
"x1 u0 Ad img 07 copy 01",,,,,,0,0,0,inactive,inactive,0,0,0,0,0,0,"7-day click or 1-day view",-,-,-,,0,0,,,,,,,,,,,,,,,,,,,,,,,,,,,,,,,,00:00:00,,0,0,,,,,,,,,,,0,,,0,0,0,0,,,,,,,0,0,0,0,,,,,,,,,,,,,,,,,,,,,,,,,,,,,,,,,,,,,,,,,,,,,,,,,,,,,,,,,,,,,,,,,,,,,,,,,,,,,,,,,,,,,,,,,,,,,,,,,,,,,,,,,,,,,,,,,,,,,,,,,,,,,,,,,,,,,,,,,,,,,,,,,,,,,,,,,,,,,,,,,,,,,,,,,,,,,,888805611817797,"Sushi Founder Ads Account","Conversion ABO web",23849353082650786,"PG -  Gastronomia > Sushi",23849353353650786,23849353353780786,2022-01-29,2022-02-01,2022-01-29,"En curso",2022-02-05,2022-02-05,CONVERSIONS,0,ABSOLUTE_OCPM,8000,Daily,,2022-02-01T11:42:52-0500
"Ad img 15 copy 1",,,,,,0,0,0,inactive,inactive,0,0,0,0,0,0,"7-day click or 1-day view",-,-,-,,0,0,,,,,,,,,,,,,,,,,,,,,,,,,,,,,,,,00:00:00,,0,0,,,,,,,,,,,0,,,0,0,0,0,,,,,,,0,0,0,0,,,,,,,,,,,,,,,,,,,,,,,,,,,,,,,,,,,,,,,,,,,,,,,,,,,,,,,,,,,,,,,,,,,,,,,,,,,,,,,,,,,,,,,,,,,,,,,,,,,,,,,,,,,,,,,,,,,,,,,,,,,,,,,,,,,,,,,,,,,,,,,,,,,,,,,,,,,,,,,,,,,,,,,,,,,,,,888805611817797,"Sushi Founder Ads Account","Conversion ABO web",23849353082650786,"PG -  Gastronomia > Sushi",23849353353650786,23849353353790786,2022-01-29,2022-02-01,2022-01-29,"En curso",2022-02-05,2022-02-05,CONVERSIONS,0,ABSOLUTE_OCPM,8000,Daily,,2022-02-01T11:42:52-0500
"Ad img 09 copy 01",,,,,,0,0,0,inactive,inactive,0,0,0,0,0,0,"7-day click or 1-day view",-,-,-,,0,0,,,,,,,,,,,,,,,,,,,,,,,,,,,,,,,,00:00:00,,0,0,,,,,,,,,,,0,,,0,0,0,0,,,,,,,0,0,0,0,,,,,,,,,,,,,,,,,,,,,,,,,,,,,,,,,,,,,,,,,,,,,,,,,,,,,,,,,,,,,,,,,,,,,,,,,,,,,,,,,,,,,,,,,,,,,,,,,,,,,,,,,,,,,,,,,,,,,,,,,,,,,,,,,,,,,,,,,,,,,,,,,,,,,,,,,,,,,,,,,,,,,,,,,,,,,,888805611817797,"Sushi Founder Ads Account","Conversion ABO web",23849353082650786,"PG -  Gastronomia > Sushi",23849353353650786,23849353353800786,2022-01-29,2022-02-01,2022-01-29,"En curso",2022-02-05,2022-02-05,CONVERSIONS,0,ABSOLUTE_OCPM,8000,Daily,,2022-02-01T11:42:52-0500
"Ad img 13 copy 1",,,,,,0,0,0,inactive,inactive,0,0,0,0,0,0,"7-day click or 1-day view",-,-,-,,0,0,,,,,,,,,,,,,,,,,,,,,,,,,,,,,,,,00:00:00,,0,0,,,,,,,,,,,0,,,0,0,0,0,,,,,,,0,0,0,0,,,,,,,,,,,,,,,,,,,,,,,,,,,,,,,,,,,,,,,,,,,,,,,,,,,,,,,,,,,,,,,,,,,,,,,,,,,,,,,,,,,,,,,,,,,,,,,,,,,,,,,,,,,,,,,,,,,,,,,,,,,,,,,,,,,,,,,,,,,,,,,,,,,,,,,,,,,,,,,,,,,,,,,,,,,,,,888805611817797,"Sushi Founder Ads Account","Conversion ABO web",23849353082650786,"PG -  Gastronomia > Sushi",23849353353650786,23849353353810786,2022-01-29,2022-02-01,2022-01-29,"En curso",2022-02-05,2022-02-05,CONVERSIONS,0,ABSOLUTE_OCPM,8000,Daily,,2022-02-01T11:42:52-0500
"Ad img 06 copy 01",,,,,,0,0,0,not_delivering,inactive,0,0,0,0,0,0,"7-day click or 1-day view",-,-,-,,0,0,,,,,,,,,,,,,,,,,,,,,,,,,,,,,,,,00:00:00,,0,0,,,,,,,,,,,0,,,0,0,0,0,,,,,,,0,0,0,0,,,,,,,,,,,,,,,,,,,,,,,,,,,,,,,,,,,,,,,,,,,,,,,,,,,,,,,,,,,,,,,,,,,,,,,,,,,,,,,,,,,,,,,,,,,,,,,,,,,,,,,,,,,,,,,,,,,,,,,,,,,,,,,,,,,,,,,,,,,,,,,,,,,,,,,,,,,,,,,,,,,,,,,,,,,,,,888805611817797,"Sushi Founder Ads Account","Conversion ABO web",23849353082650786,"PG -  Gastronomia > Sushi",23849353353650786,23849353353820786,2022-01-29,2022-02-01,2022-01-29,"En curso",2022-02-05,2022-02-05,CONVERSIONS,0,ABSOLUTE_OCPM,8000,Daily,,2022-02-01T11:42:52-0500
"x0 Ad img 03 copy 01",,,,,,0,0,0,inactive,inactive,0,0,0,0,0,0,"7-day click or 1-day view",-,-,-,,0,0,,,,,,,,,,,,,,,,,,,,,,,,,,,,,,,,00:00:00,,0,0,,,,,,,,,,,0,,,0,0,0,0,,,,,,,0,0,0,0,,,,,,,,,,,,,,,,,,,,,,,,,,,,,,,,,,,,,,,,,,,,,,,,,,,,,,,,,,,,,,,,,,,,,,,,,,,,,,,,,,,,,,,,,,,,,,,,,,,,,,,,,,,,,,,,,,,,,,,,,,,,,,,,,,,,,,,,,,,,,,,,,,,,,,,,,,,,,,,,,,,,,,,,,,,,,,888805611817797,"Sushi Founder Ads Account","Conversion ABO web",23849353082650786,"PG -  Gastronomia > Sushi",23849353353650786,23849353353830786,2022-01-29,2022-02-01,2022-01-29,"En curso",2022-02-05,2022-02-05,CONVERSIONS,0,ABSOLUTE_OCPM,8000,Daily,,2022-02-01T11:42:52-0500
"Ad img 04 copy 01",,,,,,0,0,0,not_delivering,inactive,0,0,0,0,0,0,"7-day click or 1-day view",-,-,-,,0,0,,,,,,,,,,,,,,,,,,,,,,,,,,,,,,,,00:00:00,,0,0,,,,,,,,,,,0,,,0,0,0,0,,,,,,,0,0,0,0,,,,,,,,,,,,,,,,,,,,,,,,,,,,,,,,,,,,,,,,,,,,,,,,,,,,,,,,,,,,,,,,,,,,,,,,,,,,,,,,,,,,,,,,,,,,,,,,,,,,,,,,,,,,,,,,,,,,,,,,,,,,,,,,,,,,,,,,,,,,,,,,,,,,,,,,,,,,,,,,,,,,,,,,,,,,,,888805611817797,"Sushi Founder Ads Account","Conversion ABO web",23849353082650786,"PG -  Gastronomia > Sushi",23849353353650786,23849353353840786,2022-01-29,2022-02-01,2022-01-29,"En curso",2022-02-05,2022-02-05,CONVERSIONS,0,ABSOLUTE_OCPM,8000,Daily,,2022-02-01T11:42:52-0500
"x1 Ad img 05 copy 01",,,,,,0,0,0,inactive,inactive,0,0,0,0,0,0,"7-day click or 1-day view",-,-,-,,0,0,,,,,,,,,,,,,,,,,,,,,,,,,,,,,,,,00:00:00,,0,0,,,,,,,,,,,0,,,0,0,0,0,,,,,,,0,0,0,0,,,,,,,,,,,,,,,,,,,,,,,,,,,,,,,,,,,,,,,,,,,,,,,,,,,,,,,,,,,,,,,,,,,,,,,,,,,,,,,,,,,,,,,,,,,,,,,,,,,,,,,,,,,,,,,,,,,,,,,,,,,,,,,,,,,,,,,,,,,,,,,,,,,,,,,,,,,,,,,,,,,,,,,,,,,,,,888805611817797,"Sushi Founder Ads Account","Conversion ABO web",23849353082650786,"PG -  Gastronomia > Sushi",23849353353650786,23849353353850786,2022-01-29,2022-02-01,2022-01-29,"En curso",2022-02-05,2022-02-05,CONVERSIONS,0,ABSOLUTE_OCPM,8000,Daily,,2022-02-01T11:42:52-0500
"u1 Ad img 09 copy 01",,,,,,0,0,0,not_delivering,inactive,0,0,0,0,0,0,"7-day click or 1-day view",-,-,-,,0,0,,,,,,,,,,,,,,,,,,,,,,,,,,,,,,,,00:00:00,,0,0,,,,,,,,,,,0,,,0,0,0,0,,,,,,,0,0,0,0,,,,,,,,,,,,,,,,,,,,,,,,,,,,,,,,,,,,,,,,,,,,,,,,,,,,,,,,,,,,,,,,,,,,,,,,,,,,,,,,,,,,,,,,,,,,,,,,,,,,,,,,,,,,,,,,,,,,,,,,,,,,,,,,,,,,,,,,,,,,,,,,,,,,,,,,,,,,,,,,,,,,,,,,,,,,,,888805611817797,"Sushi Founder Ads Account","Conversion ABO web",23849353082650786,"PG -  ww_es Int(Sushi Chef, Cocina japonesa > Buyer)",23849353360500786,23849353360490786,2022-01-29,2022-01-31,2022-01-29,"En curso",2022-02-05,2022-02-05,CONVERSIONS,0,ABSOLUTE_OCPM,8000,Daily,,2022-01-30T08:39:31-0500
"Ad img 19 copy 1",,,,,,0,0,0,inactive,inactive,0,0,0,0,0,0,"7-day click or 1-day view",-,-,-,,0,0,,,,,,,,,,,,,,,,,,,,,,,,,,,,,,,,00:00:00,,0,0,,,,,,,,,,,0,,,0,0,0,0,,,,,,,0,0,0,0,,,,,,,,,,,,,,,,,,,,,,,,,,,,,,,,,,,,,,,,,,,,,,,,,,,,,,,,,,,,,,,,,,,,,,,,,,,,,,,,,,,,,,,,,,,,,,,,,,,,,,,,,,,,,,,,,,,,,,,,,,,,,,,,,,,,,,,,,,,,,,,,,,,,,,,,,,,,,,,,,,,,,,,,,,,,,,888805611817797,"Sushi Founder Ads Account","Conversion ABO web",23849353082650786,"PG -  ww_es Int(Sushi Chef, Cocina japonesa > Buyer)",23849353360500786,23849353360510786,2022-01-29,2022-01-30,2022-01-29,"En curso",2022-02-05,2022-02-05,CONVERSIONS,0,ABSOLUTE_OCPM,8000,Daily,,2022-01-30T08:39:31-0500
"Ad img 20 copy 1",,,,,,0,0,0,inactive,inactive,0,0,0,0,0,0,"7-day click or 1-day view",-,-,-,,0,0,,,,,,,,,,,,,,,,,,,,,,,,,,,,,,,,00:00:00,,0,0,,,,,,,,,,,0,,,0,0,0,0,,,,,,,0,0,0,0,,,,,,,,,,,,,,,,,,,,,,,,,,,,,,,,,,,,,,,,,,,,,,,,,,,,,,,,,,,,,,,,,,,,,,,,,,,,,,,,,,,,,,,,,,,,,,,,,,,,,,,,,,,,,,,,,,,,,,,,,,,,,,,,,,,,,,,,,,,,,,,,,,,,,,,,,,,,,,,,,,,,,,,,,,,,,,888805611817797,"Sushi Founder Ads Account","Conversion ABO web",23849353082650786,"PG -  ww_es Int(Sushi Chef, Cocina japonesa > Buyer)",23849353360500786,23849353360530786,2022-01-29,2022-01-30,2022-01-29,"En curso",2022-02-05,2022-02-05,CONVERSIONS,0,ABSOLUTE_OCPM,8000,Daily,,2022-01-30T08:39:31-0500
"u1 Ad img 18 copy 1",,,,,,0,0,0,not_delivering,inactive,0,0,0,0,0,0,"7-day click or 1-day view",-,-,-,,0,0,,,,,,,,,,,,,,,,,,,,,,,,,,,,,,,,00:00:00,,0,0,,,,,,,,,,,0,,,0,0,0,0,,,,,,,0,0,0,0,,,,,,,,,,,,,,,,,,,,,,,,,,,,,,,,,,,,,,,,,,,,,,,,,,,,,,,,,,,,,,,,,,,,,,,,,,,,,,,,,,,,,,,,,,,,,,,,,,,,,,,,,,,,,,,,,,,,,,,,,,,,,,,,,,,,,,,,,,,,,,,,,,,,,,,,,,,,,,,,,,,,,,,,,,,,,,888805611817797,"Sushi Founder Ads Account","Conversion ABO web",23849353082650786,"PG -  ww_es Int(Sushi Chef, Cocina japonesa > Buyer)",23849353360500786,23849353360550786,2022-01-29,2022-01-31,2022-01-29,"En curso",2022-02-05,2022-02-05,CONVERSIONS,0,ABSOLUTE_OCPM,8000,Daily,,2022-01-30T08:39:31-0500
"x1 Ad img 01 copy 01",,,,,,0,0,0,inactive,inactive,0,0,0,0,0,0,"7-day click or 1-day view",-,-,-,,0,0,,,,,,,,,,,,,,,,,,,,,,,,,,,,,,,,00:00:00,,0,0,,,,,,,,,,,0,,,0,0,0,0,,,,,,,0,0,0,0,,,,,,,,,,,,,,,,,,,,,,,,,,,,,,,,,,,,,,,,,,,,,,,,,,,,,,,,,,,,,,,,,,,,,,,,,,,,,,,,,,,,,,,,,,,,,,,,,,,,,,,,,,,,,,,,,,,,,,,,,,,,,,,,,,,,,,,,,,,,,,,,,,,,,,,,,,,,,,,,,,,,,,,,,,,,,,888805611817797,"Sushi Founder Ads Account","Conversion ABO web",23849353082650786,"PG -  ww_es Int(Sushi Chef, Cocina japonesa > Buyer)",23849353360500786,23849353360560786,2022-01-29,2022-01-31,2022-01-29,"En curso",2022-02-05,2022-02-05,CONVERSIONS,0,ABSOLUTE_OCPM,8000,Daily,,2022-01-30T08:39:31-0500
"x1 Ad img 07 copy 01",,,,,,0,0,0,inactive,inactive,0,0,0,0,0,0,"7-day click or 1-day view",-,-,-,,0,0,,,,,,,,,,,,,,,,,,,,,,,,,,,,,,,,00:00:00,,0,0,,,,,,,,,,,0,,,0,0,0,0,,,,,,,0,0,0,0,,,,,,,,,,,,,,,,,,,,,,,,,,,,,,,,,,,,,,,,,,,,,,,,,,,,,,,,,,,,,,,,,,,,,,,,,,,,,,,,,,,,,,,,,,,,,,,,,,,,,,,,,,,,,,,,,,,,,,,,,,,,,,,,,,,,,,,,,,,,,,,,,,,,,,,,,,,,,,,,,,,,,,,,,,,,,,888805611817797,"Sushi Founder Ads Account","Conversion ABO web",23849353082650786,"PG -  ww_es Int(Sushi Chef, Cocina japonesa > Buyer)",23849353360500786,23849353360590786,2022-01-29,2022-01-31,2022-01-29,"En curso",2022-02-05,2022-02-05,CONVERSIONS,0,ABSOLUTE_OCPM,8000,Daily,,2022-01-30T08:39:31-0500
"u1 Ad img 17 copy 1",,,,,,0,0,0,not_delivering,inactive,0,0,0,0,0,0,"7-day click or 1-day view",-,-,-,,0,0,,,,,,,,,,,,,,,,,,,,,,,,,,,,,,,,00:00:00,,0,0,,,,,,,,,,,0,,,0,0,0,0,,,,,,,0,0,0,0,,,,,,,,,,,,,,,,,,,,,,,,,,,,,,,,,,,,,,,,,,,,,,,,,,,,,,,,,,,,,,,,,,,,,,,,,,,,,,,,,,,,,,,,,,,,,,,,,,,,,,,,,,,,,,,,,,,,,,,,,,,,,,,,,,,,,,,,,,,,,,,,,,,,,,,,,,,,,,,,,,,,,,,,,,,,,,888805611817797,"Sushi Founder Ads Account","Conversion ABO web",23849353082650786,"PG -  ww_es Int(Sushi Chef, Cocina japonesa > Buyer)",23849353360500786,23849353360610786,2022-01-29,2022-01-31,2022-01-29,"En curso",2022-02-05,2022-02-05,CONVERSIONS,0,ABSOLUTE_OCPM,8000,Daily,,2022-01-30T08:39:31-0500
"x0 Ad img 03 copy 01",,,,,,0,0,0,inactive,inactive,0,0,0,0,0,0,"7-day click or 1-day view",-,-,-,,0,0,,,,,,,,,,,,,,,,,,,,,,,,,,,,,,,,00:00:00,,0,0,,,,,,,,,,,0,,,0,0,0,0,,,,,,,0,0,0,0,,,,,,,,,,,,,,,,,,,,,,,,,,,,,,,,,,,,,,,,,,,,,,,,,,,,,,,,,,,,,,,,,,,,,,,,,,,,,,,,,,,,,,,,,,,,,,,,,,,,,,,,,,,,,,,,,,,,,,,,,,,,,,,,,,,,,,,,,,,,,,,,,,,,,,,,,,,,,,,,,,,,,,,,,,,,,,888805611817797,"Sushi Founder Ads Account","Conversion ABO web",23849353082650786,"PG -  ww_es Int(Sushi Chef, Cocina japonesa > Buyer)",23849353360500786,23849353360620786,2022-01-29,2022-01-30,2022-01-29,"En curso",2022-02-05,2022-02-05,CONVERSIONS,0,ABSOLUTE_OCPM,8000,Daily,,2022-01-30T08:39:31-0500
"x1 u0 Ad img 08 copy 01",,,,,,0,0,0,inactive,inactive,0,0,0,0,0,0,"7-day click or 1-day view",-,-,-,,0,0,,,,,,,,,,,,,,,,,,,,,,,,,,,,,,,,00:00:00,,0,0,,,,,,,,,,,0,,,0,0,0,0,,,,,,,0,0,0,0,,,,,,,,,,,,,,,,,,,,,,,,,,,,,,,,,,,,,,,,,,,,,,,,,,,,,,,,,,,,,,,,,,,,,,,,,,,,,,,,,,,,,,,,,,,,,,,,,,,,,,,,,,,,,,,,,,,,,,,,,,,,,,,,,,,,,,,,,,,,,,,,,,,,,,,,,,,,,,,,,,,,,,,,,,,,,,888805611817797,"Sushi Founder Ads Account","Conversion ABO web",23849353082650786,"PG -  ww_es Int(Sushi Chef, Cocina japonesa > Buyer)",23849353360500786,23849353360640786,2022-01-29,2022-01-31,2022-01-29,"En curso",2022-02-05,2022-02-05,CONVERSIONS,0,ABSOLUTE_OCPM,8000,Daily,,2022-01-30T08:39:31-0500
"x0 Ad img 06 copy 01",,,,,,0,0,0,inactive,inactive,0,0,0,0,0,0,"7-day click or 1-day view",-,-,-,,0,0,,,,,,,,,,,,,,,,,,,,,,,,,,,,,,,,00:00:00,,0,0,,,,,,,,,,,0,,,0,0,0,0,,,,,,,0,0,0,0,,,,,,,,,,,,,,,,,,,,,,,,,,,,,,,,,,,,,,,,,,,,,,,,,,,,,,,,,,,,,,,,,,,,,,,,,,,,,,,,,,,,,,,,,,,,,,,,,,,,,,,,,,,,,,,,,,,,,,,,,,,,,,,,,,,,,,,,,,,,,,,,,,,,,,,,,,,,,,,,,,,,,,,,,,,,,,888805611817797,"Sushi Founder Ads Account","Conversion ABO web",23849353082650786,"PG -  ww_es Int(Sushi Chef, Cocina japonesa > Buyer)",23849353360500786,23849353360670786,2022-01-29,2022-01-30,2022-01-29,"En curso",2022-02-05,2022-02-05,CONVERSIONS,0,ABSOLUTE_OCPM,8000,Daily,,2022-01-30T08:39:31-0500
"x2 Ad img 11 copy 01",,,,,,0,0,0,inactive,inactive,0,0,0,0,0,0,"7-day click or 1-day view",-,-,-,,0,0,,,,,,,,,,,,,,,,,,,,,,,,,,,,,,,,00:00:00,,0,0,,,,,,,,,,,0,,,0,0,0,0,,,,,,,0,0,0,0,,,,,,,,,,,,,,,,,,,,,,,,,,,,,,,,,,,,,,,,,,,,,,,,,,,,,,,,,,,,,,,,,,,,,,,,,,,,,,,,,,,,,,,,,,,,,,,,,,,,,,,,,,,,,,,,,,,,,,,,,,,,,,,,,,,,,,,,,,,,,,,,,,,,,,,,,,,,,,,,,,,,,,,,,,,,,,888805611817797,"Sushi Founder Ads Account","Conversion ABO web",23849353082650786,"fusion adsets",23849353327670786,23849375425180786,2022-02-01,2022-02-01,2022-01-29,"En curso",2022-02-05,2022-02-05,CONVERSIONS,0,ABSOLUTE_OCPM,12000,Daily,,2022-02-01T11:43:10-0500
"x2 Ad img 15 copy 01",,,,,,0,0,0,inactive,inactive,0,0,0,0,0,0,"7-day click or 1-day view",-,-,-,,0,0,,,,,,,,,,,,,,,,,,,,,,,,,,,,,,,,00:00:00,,0,0,,,,,,,,,,,0,,,0,0,0,0,,,,,,,0,0,0,0,,,,,,,,,,,,,,,,,,,,,,,,,,,,,,,,,,,,,,,,,,,,,,,,,,,,,,,,,,,,,,,,,,,,,,,,,,,,,,,,,,,,,,,,,,,,,,,,,,,,,,,,,,,,,,,,,,,,,,,,,,,,,,,,,,,,,,,,,,,,,,,,,,,,,,,,,,,,,,,,,,,,,,,,,,,,,,888805611817797,"Sushi Founder Ads Account","Conversion ABO web",23849353082650786,"fusion adsets",23849353327670786,23849375425190786,2022-02-01,2022-02-01,2022-01-29,"En curso",2022-02-05,2022-02-05,CONVERSIONS,0,ABSOLUTE_OCPM,12000,Daily,,2022-02-01T11:43:10-0500
"x2 Ad img 20 copy 01",,,,,,0,0,0,inactive,inactive,0,0,0,0,0,0,"7-day click or 1-day view",-,-,-,,0,0,,,,,,,,,,,,,,,,,,,,,,,,,,,,,,,,00:00:00,,0,0,,,,,,,,,,,0,,,0,0,0,0,,,,,,,0,0,0,0,,,,,,,,,,,,,,,,,,,,,,,,,,,,,,,,,,,,,,,,,,,,,,,,,,,,,,,,,,,,,,,,,,,,,,,,,,,,,,,,,,,,,,,,,,,,,,,,,,,,,,,,,,,,,,,,,,,,,,,,,,,,,,,,,,,,,,,,,,,,,,,,,,,,,,,,,,,,,,,,,,,,,,,,,,,,,,888805611817797,"Sushi Founder Ads Account","Conversion ABO web",23849353082650786,"fusion adsets",23849353327670786,23849375425200786,2022-02-01,2022-02-01,2022-01-29,"En curso",2022-02-05,2022-02-05,CONVERSIONS,0,ABSOLUTE_OCPM,12000,Daily,,2022-02-01T11:43:10-0500
"x2 Ad img 08 copy 01",,,,,,0,0,0,inactive,inactive,0,0,0,0,0,0,"7-day click or 1-day view",-,-,-,,0,0,,,,,,,,,,,,,,,,,,,,,,,,,,,,,,,,00:00:00,,0,0,,,,,,,,,,,0,,,0,0,0,0,,,,,,,0,0,0,0,,,,,,,,,,,,,,,,,,,,,,,,,,,,,,,,,,,,,,,,,,,,,,,,,,,,,,,,,,,,,,,,,,,,,,,,,,,,,,,,,,,,,,,,,,,,,,,,,,,,,,,,,,,,,,,,,,,,,,,,,,,,,,,,,,,,,,,,,,,,,,,,,,,,,,,,,,,,,,,,,,,,,,,,,,,,,,888805611817797,"Sushi Founder Ads Account","Conversion ABO web",23849353082650786,"fusion adsets",23849353327670786,23849375425210786,2022-02-01,2022-02-01,2022-01-29,"En curso",2022-02-05,2022-02-05,CONVERSIONS,0,ABSOLUTE_OCPM,12000,Daily,,2022-02-01T11:43:10-0500
"x2 Ad img 14 copy 01",,,,,,0,0,0,inactive,inactive,0,0,0,0,0,0,"7-day click or 1-day view",-,-,-,,0,0,,,,,,,,,,,,,,,,,,,,,,,,,,,,,,,,00:00:00,,0,0,,,,,,,,,,,0,,,0,0,0,0,,,,,,,0,0,0,0,,,,,,,,,,,,,,,,,,,,,,,,,,,,,,,,,,,,,,,,,,,,,,,,,,,,,,,,,,,,,,,,,,,,,,,,,,,,,,,,,,,,,,,,,,,,,,,,,,,,,,,,,,,,,,,,,,,,,,,,,,,,,,,,,,,,,,,,,,,,,,,,,,,,,,,,,,,,,,,,,,,,,,,,,,,,,,888805611817797,"Sushi Founder Ads Account","Conversion ABO web",23849353082650786,"fusion adsets",23849353327670786,23849375425220786,2022-02-01,2022-02-01,2022-01-29,"En curso",2022-02-05,2022-02-05,CONVERSIONS,0,ABSOLUTE_OCPM,12000,Daily,,2022-02-01T11:43:10-0500
"x2 Ad img 18 copy 01",,,,,,0,0,0,inactive,inactive,0,0,0,0,0,0,"7-day click or 1-day view",-,-,-,,0,0,,,,,,,,,,,,,,,,,,,,,,,,,,,,,,,,00:00:00,,0,0,,,,,,,,,,,0,,,0,0,0,0,,,,,,,0,0,0,0,,,,,,,,,,,,,,,,,,,,,,,,,,,,,,,,,,,,,,,,,,,,,,,,,,,,,,,,,,,,,,,,,,,,,,,,,,,,,,,,,,,,,,,,,,,,,,,,,,,,,,,,,,,,,,,,,,,,,,,,,,,,,,,,,,,,,,,,,,,,,,,,,,,,,,,,,,,,,,,,,,,,,,,,,,,,,,888805611817797,"Sushi Founder Ads Account","Conversion ABO web",23849353082650786,"fusion adsets",23849353327670786,23849375425230786,2022-02-01,2022-02-01,2022-01-29,"En curso",2022-02-05,2022-02-05,CONVERSIONS,0,ABSOLUTE_OCPM,12000,Daily,,2022-02-01T11:43:10-0500
"x2 Ad img 10 copy 01",,,,,,0,0,0,inactive,inactive,0,0,0,0,0,0,"7-day click or 1-day view",-,-,-,,0,0,,,,,,,,,,,,,,,,,,,,,,,,,,,,,,,,00:00:00,,0,0,,,,,,,,,,,0,,,0,0,0,0,,,,,,,0,0,0,0,,,,,,,,,,,,,,,,,,,,,,,,,,,,,,,,,,,,,,,,,,,,,,,,,,,,,,,,,,,,,,,,,,,,,,,,,,,,,,,,,,,,,,,,,,,,,,,,,,,,,,,,,,,,,,,,,,,,,,,,,,,,,,,,,,,,,,,,,,,,,,,,,,,,,,,,,,,,,,,,,,,,,,,,,,,,,,888805611817797,"Sushi Founder Ads Account","Conversion ABO web",23849353082650786,"fusion adsets",23849353327670786,23849375425240786,2022-02-01,2022-02-01,2022-01-29,"En curso",2022-02-05,2022-02-05,CONVERSIONS,0,ABSOLUTE_OCPM,12000,Daily,,2022-02-01T11:43:10-0500
"x2 Ad img 19 copy 01",,,,,,0,0,0,inactive,inactive,0,0,0,0,0,0,"7-day click or 1-day view",-,-,-,,0,0,,,,,,,,,,,,,,,,,,,,,,,,,,,,,,,,00:00:00,,0,0,,,,,,,,,,,0,,,0,0,0,0,,,,,,,0,0,0,0,,,,,,,,,,,,,,,,,,,,,,,,,,,,,,,,,,,,,,,,,,,,,,,,,,,,,,,,,,,,,,,,,,,,,,,,,,,,,,,,,,,,,,,,,,,,,,,,,,,,,,,,,,,,,,,,,,,,,,,,,,,,,,,,,,,,,,,,,,,,,,,,,,,,,,,,,,,,,,,,,,,,,,,,,,,,,,888805611817797,"Sushi Founder Ads Account","Conversion ABO web",23849353082650786,"fusion adsets",23849353327670786,23849375425250786,2022-02-01,2022-02-01,2022-01-29,"En curso",2022-02-05,2022-02-05,CONVERSIONS,0,ABSOLUTE_OCPM,12000,Daily,,2022-02-01T11:43:10-0500
"x2 Ad img 02 copy 01",,,,,,0,0,0,inactive,inactive,0,0,0,0,0,0,"7-day click or 1-day view",-,-,-,,0,0,,,,,,,,,,,,,,,,,,,,,,,,,,,,,,,,00:00:00,,0,0,,,,,,,,,,,0,,,0,0,0,0,,,,,,,0,0,0,0,,,,,,,,,,,,,,,,,,,,,,,,,,,,,,,,,,,,,,,,,,,,,,,,,,,,,,,,,,,,,,,,,,,,,,,,,,,,,,,,,,,,,,,,,,,,,,,,,,,,,,,,,,,,,,,,,,,,,,,,,,,,,,,,,,,,,,,,,,,,,,,,,,,,,,,,,,,,,,,,,,,,,,,,,,,,,,888805611817797,"Sushi Founder Ads Account","Conversion ABO web",23849353082650786,"fusion adsets",23849353327670786,23849375425260786,2022-02-01,2022-02-01,2022-01-29,"En curso",2022-02-05,2022-02-05,CONVERSIONS,0,ABSOLUTE_OCPM,12000,Daily,,2022-02-01T11:43:10-0500
"x2 Ad img 12 copy 01",,,,,,0,0,0,inactive,inactive,0,0,0,0,0,0,"7-day click or 1-day view",-,-,-,,0,0,,,,,,,,,,,,,,,,,,,,,,,,,,,,,,,,00:00:00,,0,0,,,,,,,,,,,0,,,0,0,0,0,,,,,,,0,0,0,0,,,,,,,,,,,,,,,,,,,,,,,,,,,,,,,,,,,,,,,,,,,,,,,,,,,,,,,,,,,,,,,,,,,,,,,,,,,,,,,,,,,,,,,,,,,,,,,,,,,,,,,,,,,,,,,,,,,,,,,,,,,,,,,,,,,,,,,,,,,,,,,,,,,,,,,,,,,,,,,,,,,,,,,,,,,,,,888805611817797,"Sushi Founder Ads Account","Conversion ABO web",23849353082650786,"fusion adsets",23849353327670786,23849375425270786,2022-02-01,2022-02-01,2022-01-29,"En curso",2022-02-05,2022-02-05,CONVERSIONS,0,ABSOLUTE_OCPM,12000,Daily,,2022-02-01T11:43:10-0500
"x2 Ad img 07 copy 01",,,,,,0,0,0,inactive,inactive,0,0,0,0,0,0,"7-day click or 1-day view",-,-,-,,0,0,,,,,,,,,,,,,,,,,,,,,,,,,,,,,,,,00:00:00,,0,0,,,,,,,,,,,0,,,0,0,0,0,,,,,,,0,0,0,0,,,,,,,,,,,,,,,,,,,,,,,,,,,,,,,,,,,,,,,,,,,,,,,,,,,,,,,,,,,,,,,,,,,,,,,,,,,,,,,,,,,,,,,,,,,,,,,,,,,,,,,,,,,,,,,,,,,,,,,,,,,,,,,,,,,,,,,,,,,,,,,,,,,,,,,,,,,,,,,,,,,,,,,,,,,,,,888805611817797,"Sushi Founder Ads Account","Conversion ABO web",23849353082650786,"fusion adsets",23849353327670786,23849375425280786,2022-02-01,2022-02-01,2022-01-29,"En curso",2022-02-05,2022-02-05,CONVERSIONS,0,ABSOLUTE_OCPM,12000,Daily,,2022-02-01T11:43:10-0500
"x2 Ad img 17 copy 01",,,,,,0,0,0,inactive,inactive,0,0,0,0,0,0,"7-day click or 1-day view",-,-,-,,0,0,,,,,,,,,,,,,,,,,,,,,,,,,,,,,,,,00:00:00,,0,0,,,,,,,,,,,0,,,0,0,0,0,,,,,,,0,0,0,0,,,,,,,,,,,,,,,,,,,,,,,,,,,,,,,,,,,,,,,,,,,,,,,,,,,,,,,,,,,,,,,,,,,,,,,,,,,,,,,,,,,,,,,,,,,,,,,,,,,,,,,,,,,,,,,,,,,,,,,,,,,,,,,,,,,,,,,,,,,,,,,,,,,,,,,,,,,,,,,,,,,,,,,,,,,,,,888805611817797,"Sushi Founder Ads Account","Conversion ABO web",23849353082650786,"fusion adsets",23849353327670786,23849375425290786,2022-02-01,2022-02-01,2022-01-29,"En curso",2022-02-05,2022-02-05,CONVERSIONS,0,ABSOLUTE_OCPM,12000,Daily,,2022-02-01T11:43:10-0500
"x2 Ad img 01 copy 01",,,,,,0,0,0,inactive,inactive,0,0,0,0,0,0,"7-day click or 1-day view",-,-,-,,0,0,,,,,,,,,,,,,,,,,,,,,,,,,,,,,,,,00:00:00,,0,0,,,,,,,,,,,0,,,0,0,0,0,,,,,,,0,0,0,0,,,,,,,,,,,,,,,,,,,,,,,,,,,,,,,,,,,,,,,,,,,,,,,,,,,,,,,,,,,,,,,,,,,,,,,,,,,,,,,,,,,,,,,,,,,,,,,,,,,,,,,,,,,,,,,,,,,,,,,,,,,,,,,,,,,,,,,,,,,,,,,,,,,,,,,,,,,,,,,,,,,,,,,,,,,,,,888805611817797,"Sushi Founder Ads Account","Conversion ABO web",23849353082650786,"fusion adsets",23849353327670786,23849375425300786,2022-02-01,2022-02-01,2022-01-29,"En curso",2022-02-05,2022-02-05,CONVERSIONS,0,ABSOLUTE_OCPM,12000,Daily,,2022-02-01T11:43:10-0500
"x2 Ad img 09 copy 01",,,,,,0,0,0,inactive,inactive,0,0,0,0,0,0,"7-day click or 1-day view",-,-,-,,0,0,,,,,,,,,,,,,,,,,,,,,,,,,,,,,,,,00:00:00,,0,0,,,,,,,,,,,0,,,0,0,0,0,,,,,,,0,0,0,0,,,,,,,,,,,,,,,,,,,,,,,,,,,,,,,,,,,,,,,,,,,,,,,,,,,,,,,,,,,,,,,,,,,,,,,,,,,,,,,,,,,,,,,,,,,,,,,,,,,,,,,,,,,,,,,,,,,,,,,,,,,,,,,,,,,,,,,,,,,,,,,,,,,,,,,,,,,,,,,,,,,,,,,,,,,,,,888805611817797,"Sushi Founder Ads Account","Conversion ABO web",23849353082650786,"fusion adsets",23849353327670786,23849375425310786,2022-02-01,2022-02-01,2022-01-29,"En curso",2022-02-05,2022-02-05,CONVERSIONS,0,ABSOLUTE_OCPM,12000,Daily,,2022-02-01T11:43:10-0500
"x2 Ad img 03 copy 01",,,,,,0,0,0,inactive,inactive,0,0,0,0,0,0,"7-day click or 1-day view",-,-,-,,0,0,,,,,,,,,,,,,,,,,,,,,,,,,,,,,,,,00:00:00,,0,0,,,,,,,,,,,0,,,0,0,0,0,,,,,,,0,0,0,0,,,,,,,,,,,,,,,,,,,,,,,,,,,,,,,,,,,,,,,,,,,,,,,,,,,,,,,,,,,,,,,,,,,,,,,,,,,,,,,,,,,,,,,,,,,,,,,,,,,,,,,,,,,,,,,,,,,,,,,,,,,,,,,,,,,,,,,,,,,,,,,,,,,,,,,,,,,,,,,,,,,,,,,,,,,,,,888805611817797,"Sushi Founder Ads Account","Conversion ABO web",23849353082650786,"fusion adsets",23849353327670786,23849375425320786,2022-02-01,2022-02-01,2022-01-29,"En curso",2022-02-05,2022-02-05,CONVERSIONS,0,ABSOLUTE_OCPM,12000,Daily,,2022-02-01T11:43:10-0500
"x2 Ad img 04 copy 01",,,,,,0,0,0,inactive,inactive,0,0,0,0,0,0,"7-day click or 1-day view",-,-,-,,0,0,,,,,,,,,,,,,,,,,,,,,,,,,,,,,,,,00:00:00,,0,0,,,,,,,,,,,0,,,0,0,0,0,,,,,,,0,0,0,0,,,,,,,,,,,,,,,,,,,,,,,,,,,,,,,,,,,,,,,,,,,,,,,,,,,,,,,,,,,,,,,,,,,,,,,,,,,,,,,,,,,,,,,,,,,,,,,,,,,,,,,,,,,,,,,,,,,,,,,,,,,,,,,,,,,,,,,,,,,,,,,,,,,,,,,,,,,,,,,,,,,,,,,,,,,,,,888805611817797,"Sushi Founder Ads Account","Conversion ABO web",23849353082650786,"fusion adsets",23849353327670786,23849375425330786,2022-02-01,2022-02-01,2022-01-29,"En curso",2022-02-05,2022-02-05,CONVERSIONS,0,ABSOLUTE_OCPM,12000,Daily,,2022-02-01T11:43:10-0500
"u2 Ad img 16 copy 1",,,,,,0,0,0,not_delivering,inactive,0,0,0,0,0,0,"7-day click or 1-day view",-,-,-,,0,0,,,,,,,,,,,,,,,,,,,,,,,,,,,,,,,,00:00:00,,0,0,,,,,,,,,,,0,,,0,0,0,0,,,,,,,0,0,0,0,,,,,,,,,,,,,,,,,,,,,,,,,,,,,,,,,,,,,,,,,,,,,,,,,,,,,,,,,,,,,,,,,,,,,,,,,,,,,,,,,,,,,,,,,,,,,,,,,,,,,,,,,,,,,,,,,,,,,,,,,,,,,,,,,,,,,,,,,,,,,,,,,,,,,,,,,,,,,,,,,,,,,,,,,,,,,,888805611817797,"Sushi Founder Ads Account","Conversion ABO web",23849353082650786,"fusion adsets",23849353327670786,23849375425340786,2022-02-01,2022-02-01,2022-01-29,"En curso",2022-02-05,2022-02-05,CONVERSIONS,0,ABSOLUTE_OCPM,12000,Daily,,2022-02-01T11:43:10-0500
"x2 Ad img 13 copy 01",,,,,,0,0,0,inactive,inactive,0,0,0,0,0,0,"7-day click or 1-day view",-,-,-,,0,0,,,,,,,,,,,,,,,,,,,,,,,,,,,,,,,,00:00:00,,0,0,,,,,,,,,,,0,,,0,0,0,0,,,,,,,0,0,0,0,,,,,,,,,,,,,,,,,,,,,,,,,,,,,,,,,,,,,,,,,,,,,,,,,,,,,,,,,,,,,,,,,,,,,,,,,,,,,,,,,,,,,,,,,,,,,,,,,,,,,,,,,,,,,,,,,,,,,,,,,,,,,,,,,,,,,,,,,,,,,,,,,,,,,,,,,,,,,,,,,,,,,,,,,,,,,,888805611817797,"Sushi Founder Ads Account","Conversion ABO web",23849353082650786,"fusion adsets",23849353327670786,23849375425350786,2022-02-01,2022-02-01,2022-01-29,"En curso",2022-02-05,2022-02-05,CONVERSIONS,0,ABSOLUTE_OCPM,12000,Daily,,2022-02-01T11:43:10-0500
"Ad img 3,16,18 copy 01",,0,1426,reach,94.001318391562,1426,1.063815,1517,not_delivering,not_delivering,3809,26,146.5,1.713909,1523,0,"7-day click or 1-day view",-,-,-,2671.1079943899,2671.107994,2510.87673,16,,,16,12,1,,,,,,,,238.0625,,238.0625,,,,,,,,,,,,,,,,00:00:00,,0,0,,,,,,3,3,3,3,0.197759,0.210379,0.197759,0.210379,25,1.753156,0,0,,,1269.666667,1269.666667,1269.666667,1269.666667,152.36,0,0,0,,,,,,,,,,,,,,,,,,,,,,,,,,,,,,,,,,,,,,,,,,,,,,,,,,,,,,,,,,,,,,,,,,,,,,,,,,,,,,,,,,,,,,,,,,,,,,,,,,,,,,,,,,,,,,,,,,,,,,,,,,,,,,,,,,,,,,,,,,,,,,,,,,,,,,,,,,,,,,,,,,,,,,,,,,,,,,888805611817797,"Sushi Founder Ads Account","Remkt alcance [WA] CBO",23849381119230786,"InitiateCheckout - Purchase 15d + All Interact 30d [5imp/1d]",23849381119400786,23849381119460786,2022-02-02,2022-02-02,2022-02-02,"En curso",2022-02-05,2022-02-05,Reach,0,ABSOLUTE_OCPM,4026,Daily,,0
"Ad img 3,16,18 copy 01",,,,,,0,0,0,not_delivering,inactive,0,0,0,0,0,0,"7-day click or 1-day view",-,-,-,,0,0,,,,,,,,,,,,,,,,,,,,,,,,,,,,,,,,00:00:00,,0,0,,,,,,,,,,,0,,,0,0,0,0,,,,,,,0,0,0,0,,,,,,,,,,,,,,,,,,,,,,,,,,,,,,,,,,,,,,,,,,,,,,,,,,,,,,,,,,,,,,,,,,,,,,,,,,,,,,,,,,,,,,,,,,,,,,,,,,,,,,,,,,,,,,,,,,,,,,,,,,,,,,,,,,,,,,,,,,,,,,,,,,,,,,,,,,,,,,,,,,,,,,,,,,,,,,888805611817797,"Sushi Founder Ads Account","Remkt conversion [W] CBO",23849405912570786,"Purchase* InitiateCheckout - Purchase 15d + All Interact 30d",23849405912550786,23849405912560786,2022-02-05,2022-02-06,2022-02-06,"En curso",2022-02-05,2022-02-05,CONVERSIONS,0,ABSOLUTE_OCPM,4026,Daily,,0
"img 1 txt 1",,,,,,0,0,0,not_delivering,not_delivering,0,0,0,0,0,0,"7-day click or 1-day view",-,-,-,,0,0,,,,,,,,,,,,,,,,,,,,,,,,,,,,,,,,00:00:00,,0,0,,,,,,,,,,,0,,,0,0,0,0,,,,,,,0,0,0,0,,,,,,,,,,,,,,,,,,,,,,,,,,,,,,,,,,,,,,,,,,,,,,,,,,,,,,,,,,,,,,,,,,,,,,,,,,,,,,,,,,,,,,,,,,,,,,,,,,,,,,,,,,,,,,,,,,,,,,,,,,,,,,,,,,,,,,,,,,,,,,,,,,,,,,,,,,,,,,,,,,,,,,,,,,,,,,888805611817797,"Sushi Founder Ads Account","Interact Fanpage CBO",23849219070980786,"WW Int: Comida > Cocina japonesa > Sushi",23849219071030786,23849219071050786,2022-01-16,2022-01-17,2022-01-16,2022-01-23,2022-02-05,2022-02-05,"Page Likes",0,ABSOLUTE_OCPM,"Using campaign budget",0,,2022-01-16T21:13:37-0500
"img 2 txt 1",,,,,,0,0,0,inactive,not_delivering,0,0,0,0,0,0,"7-day click or 1-day view",-,-,-,,0,0,,,,,,,,,,,,,,,,,,,,,,,,,,,,,,,,00:00:00,,0,0,,,,,,,,,,,0,,,0,0,0,0,,,,,,,0,0,0,0,,,,,,,,,,,,,,,,,,,,,,,,,,,,,,,,,,,,,,,,,,,,,,,,,,,,,,,,,,,,,,,,,,,,,,,,,,,,,,,,,,,,,,,,,,,,,,,,,,,,,,,,,,,,,,,,,,,,,,,,,,,,,,,,,,,,,,,,,,,,,,,,,,,,,,,,,,,,,,,,,,,,,,,,,,,,,,888805611817797,"Sushi Founder Ads Account","Interact Fanpage CBO",23849219070980786,"WW Int: Comida > Cocina japonesa > Sushi",23849219071030786,23849257954780786,2022-01-16,2022-01-18,2022-01-16,2022-01-23,2022-02-05,2022-02-05,"Page Likes",0,ABSOLUTE_OCPM,"Using campaign budget",0,,2022-01-16T21:13:37-0500
"img 3 txt 1",,,,,,0,0,0,not_delivering,not_delivering,0,0,0,0,0,0,"7-day click or 1-day view",-,-,-,,0,0,,,,,,,,,,,,,,,,,,,,,,,,,,,,,,,,00:00:00,,0,0,,,,,,,,,,,0,,,0,0,0,0,,,,,,,0,0,0,0,,,,,,,,,,,,,,,,,,,,,,,,,,,,,,,,,,,,,,,,,,,,,,,,,,,,,,,,,,,,,,,,,,,,,,,,,,,,,,,,,,,,,,,,,,,,,,,,,,,,,,,,,,,,,,,,,,,,,,,,,,,,,,,,,,,,,,,,,,,,,,,,,,,,,,,,,,,,,,,,,,,,,,,,,,,,,,888805611817797,"Sushi Founder Ads Account","Interact Fanpage CBO",23849219070980786,"WW Int: Comida > Cocina japonesa > Sushi",23849219071030786,23849257957880786,2022-01-16,2022-01-17,2022-01-16,2022-01-23,2022-02-05,2022-02-05,"Page Likes",0,ABSOLUTE_OCPM,"Using campaign budget",0,,2022-01-16T21:13:37-0500
"img 3 txt 1",,,,,,0,0,0,not_delivering,not_delivering,0,0,0,0,0,0,"7-day click or 1-day view",-,-,-,,0,0,,,,,,,,,,,,,,,,,,,,,,,,,,,,,,,,00:00:00,,0,0,,,,,,,,,,,0,,,0,0,0,0,,,,,,,0,0,0,0,,,,,,,,,,,,,,,,,,,,,,,,,,,,,,,,,,,,,,,,,,,,,,,,,,,,,,,,,,,,,,,,,,,,,,,,,,,,,,,,,,,,,,,,,,,,,,,,,,,,,,,,,,,,,,,,,,,,,,,,,,,,,,,,,,,,,,,,,,,,,,,,,,,,,,,,,,,,,,,,,,,,,,,,,,,,,,888805611817797,"Sushi Founder Ads Account","Interact Fanpage CBO",23849219070980786,"WW Int: Gastronomia > Sushi",23849257958880786,23849257958870786,2022-01-16,2022-01-17,2022-01-16,2022-01-23,2022-02-05,2022-02-05,"Page Likes",0,ABSOLUTE_OCPM,"Using campaign budget",0,,2022-01-16T21:14:06-0500
"img 1 txt 1",,,,,,0,0,0,not_delivering,not_delivering,0,0,0,0,0,0,"7-day click or 1-day view",-,-,-,,0,0,,,,,,,,,,,,,,,,,,,,,,,,,,,,,,,,00:00:00,,0,0,,,,,,,,,,,0,,,0,0,0,0,,,,,,,0,0,0,0,,,,,,,,,,,,,,,,,,,,,,,,,,,,,,,,,,,,,,,,,,,,,,,,,,,,,,,,,,,,,,,,,,,,,,,,,,,,,,,,,,,,,,,,,,,,,,,,,,,,,,,,,,,,,,,,,,,,,,,,,,,,,,,,,,,,,,,,,,,,,,,,,,,,,,,,,,,,,,,,,,,,,,,,,,,,,,888805611817797,"Sushi Founder Ads Account","Interact Fanpage CBO",23849219070980786,"WW Int: Gastronomia > Sushi",23849257958880786,23849257958890786,2022-01-16,2022-01-17,2022-01-16,2022-01-23,2022-02-05,2022-02-05,"Page Likes",0,ABSOLUTE_OCPM,"Using campaign budget",0,,2022-01-16T21:14:06-0500
"img 2 txt 1",,,,,,0,0,0,inactive,not_delivering,0,0,0,0,0,0,"7-day click or 1-day view",-,-,-,,0,0,,,,,,,,,,,,,,,,,,,,,,,,,,,,,,,,00:00:00,,0,0,,,,,,,,,,,0,,,0,0,0,0,,,,,,,0,0,0,0,,,,,,,,,,,,,,,,,,,,,,,,,,,,,,,,,,,,,,,,,,,,,,,,,,,,,,,,,,,,,,,,,,,,,,,,,,,,,,,,,,,,,,,,,,,,,,,,,,,,,,,,,,,,,,,,,,,,,,,,,,,,,,,,,,,,,,,,,,,,,,,,,,,,,,,,,,,,,,,,,,,,,,,,,,,,,,888805611817797,"Sushi Founder Ads Account","Interact Fanpage CBO",23849219070980786,"WW Int: Gastronomia > Sushi",23849257958880786,23849257958900786,2022-01-16,2022-01-18,2022-01-16,2022-01-23,2022-02-05,2022-02-05,"Page Likes",0,ABSOLUTE_OCPM,"Using campaign budget",0,,2022-01-16T21:14:06-0500
"img 1 txt 1",,,,,,0,0,0,not_delivering,inactive,0,0,0,0,0,0,"7-day click or 1-day view",-,-,-,,0,0,,,,,,,,,,,,,,,,,,,,,,,,,,,,,,,,00:00:00,,0,0,,,,,,,,,,,0,,,0,0,0,0,,,,,,,0,0,0,0,,,,,,,,,,,,,,,,,,,,,,,,,,,,,,,,,,,,,,,,,,,,,,,,,,,,,,,,,,,,,,,,,,,,,,,,,,,,,,,,,,,,,,,,,,,,,,,,,,,,,,,,,,,,,,,,,,,,,,,,,,,,,,,,,,,,,,,,,,,,,,,,,,,,,,,,,,,,,,,,,,,,,,,,,,,,,,888805611817797,"Sushi Founder Ads Account","Interact Fanpage CBO",23849219070980786,"WW Int: Cocina > Sushi",23849263362420786,23849263362430786,2022-01-16,2022-01-17,2022-01-16,2022-01-23,2022-02-05,2022-02-05,"Page Likes",0,ABSOLUTE_OCPM,"Using campaign budget",0,,2022-01-16T21:12:52-0500
"img 3 txt 1",,,,,,0,0,0,not_delivering,inactive,0,0,0,0,0,0,"7-day click or 1-day view",-,-,-,,0,0,,,,,,,,,,,,,,,,,,,,,,,,,,,,,,,,00:00:00,,0,0,,,,,,,,,,,0,,,0,0,0,0,,,,,,,0,0,0,0,,,,,,,,,,,,,,,,,,,,,,,,,,,,,,,,,,,,,,,,,,,,,,,,,,,,,,,,,,,,,,,,,,,,,,,,,,,,,,,,,,,,,,,,,,,,,,,,,,,,,,,,,,,,,,,,,,,,,,,,,,,,,,,,,,,,,,,,,,,,,,,,,,,,,,,,,,,,,,,,,,,,,,,,,,,,,,888805611817797,"Sushi Founder Ads Account","Interact Fanpage CBO",23849219070980786,"WW Int: Cocina > Sushi",23849263362420786,23849263362440786,2022-01-16,2022-01-17,2022-01-16,2022-01-23,2022-02-05,2022-02-05,"Page Likes",0,ABSOLUTE_OCPM,"Using campaign budget",0,,2022-01-16T21:12:52-0500
"img 2 txt 1",,,,,,0,0,0,inactive,inactive,0,0,0,0,0,0,"7-day click or 1-day view",-,-,-,,0,0,,,,,,,,,,,,,,,,,,,,,,,,,,,,,,,,00:00:00,,0,0,,,,,,,,,,,0,,,0,0,0,0,,,,,,,0,0,0,0,,,,,,,,,,,,,,,,,,,,,,,,,,,,,,,,,,,,,,,,,,,,,,,,,,,,,,,,,,,,,,,,,,,,,,,,,,,,,,,,,,,,,,,,,,,,,,,,,,,,,,,,,,,,,,,,,,,,,,,,,,,,,,,,,,,,,,,,,,,,,,,,,,,,,,,,,,,,,,,,,,,,,,,,,,,,,,888805611817797,"Sushi Founder Ads Account","Interact Fanpage CBO",23849219070980786,"WW Int: Cocina > Sushi",23849263362420786,23849263362450786,2022-01-16,2022-01-18,2022-01-16,2022-01-23,2022-02-05,2022-02-05,"Page Likes",0,ABSOLUTE_OCPM,"Using campaign budget",0,,2022-01-16T21:12:52-0500
"Ad img 2 copy 1",,,,,,0,0,0,archived,inactive,0,0,0,0,0,0,"7-day click or 1-day view",-,-,-,,0,0,,,,,,,,,,,,,,,,,,,,,,,,,,,,,,,,00:00:00,,0,0,,,,,,,,,,,0,,,0,0,0,0,,,,,,,0,0,0,0,,,,,,,,,,,,,,,,,,,,,,,,,,,,,,,,,,,,,,,,,,,,,,,,,,,,,,,,,,,,,,,,,,,,,,,,,,,,,,,,,,,,,,,,,,,,,,,,,,,,,,,,,,,,,,,,,,,,,,,,,,,,,,,,,,,,,,,,,,,,,,,,,,,,,,,,,,,,,,,,,,,,,,,,,,,,,,888805611817797,"Sushi Founder Ads Account","Conversion ABO web",23849353082650786,"PG -  Comida > Cocina japonesa > Sushi",23849353082700786,23849353126500786,2022-01-28,2022-01-28,2022-01-29,"En curso",2022-02-05,2022-02-05,CONVERSIONS,0,ABSOLUTE_OCPM,8000,Daily,,2022-01-30T07:53:07-0500
"Ad img 13 copy 1",,,,,,0,0,0,archived,inactive,0,0,0,0,0,0,"7-day click or 1-day view",-,-,-,,0,0,,,,,,,,,,,,,,,,,,,,,,,,,,,,,,,,00:00:00,,0,0,,,,,,,,,,,0,,,0,0,0,0,,,,,,,0,0,0,0,,,,,,,,,,,,,,,,,,,,,,,,,,,,,,,,,,,,,,,,,,,,,,,,,,,,,,,,,,,,,,,,,,,,,,,,,,,,,,,,,,,,,,,,,,,,,,,,,,,,,,,,,,,,,,,,,,,,,,,,,,,,,,,,,,,,,,,,,,,,,,,,,,,,,,,,,,,,,,,,,,,,,,,,,,,,,,888805611817797,"Sushi Founder Ads Account","Conversion ABO web",23849353082650786,"PG -  Comida > Cocina japonesa > Sushi",23849353082700786,23849353154090786,2022-01-28,2022-01-28,2022-01-29,"En curso",2022-02-05,2022-02-05,CONVERSIONS,0,ABSOLUTE_OCPM,8000,Daily,,2022-01-30T07:53:07-0500
"Ad img 18 copy 1",,,,,,0,0,0,inactive,inactive,0,0,0,0,0,0,"7-day click or 1-day view",-,-,-,,0,0,,,,,,,,,,,,,,,,,,,,,,,,,,,,,,,,00:00:00,,0,0,,,,,,,,,,,0,,,0,0,0,0,,,,,,,0,0,0,0,,,,,,,,,,,,,,,,,,,,,,,,,,,,,,,,,,,,,,,,,,,,,,,,,,,,,,,,,,,,,,,,,,,,,,,,,,,,,,,,,,,,,,,,,,,,,,,,,,,,,,,,,,,,,,,,,,,,,,,,,,,,,,,,,,,,,,,,,,,,,,,,,,,,,,,,,,,,,,,,,,,,,,,,,,,,,,888805611817797,"Sushi Founder Ads Account","Conversion ABO web",23849353082650786,"PG -  Recetas > Aprendizaje, +2 > Compras, +2 > Sushi",23849353303580786,23849353303560786,2022-01-29,2022-01-30,2022-01-29,"En curso",2022-02-05,2022-02-05,CONVERSIONS,0,ABSOLUTE_OCPM,8000,Daily,,2022-01-30T08:39:32-0500
"Ad img 16 copy 1",,,,,,0,0,0,inactive,inactive,0,0,0,0,0,0,"7-day click or 1-day view",-,-,-,,0,0,,,,,,,,,,,,,,,,,,,,,,,,,,,,,,,,00:00:00,,0,0,,,,,,,,,,,0,,,0,0,0,0,,,,,,,0,0,0,0,,,,,,,,,,,,,,,,,,,,,,,,,,,,,,,,,,,,,,,,,,,,,,,,,,,,,,,,,,,,,,,,,,,,,,,,,,,,,,,,,,,,,,,,,,,,,,,,,,,,,,,,,,,,,,,,,,,,,,,,,,,,,,,,,,,,,,,,,,,,,,,,,,,,,,,,,,,,,,,,,,,,,,,,,,,,,,888805611817797,"Sushi Founder Ads Account","Conversion ABO web",23849353082650786,"PG -  Recetas > Aprendizaje, +2 > Compras, +2 > Sushi",23849353303580786,23849353303590786,2022-01-29,2022-01-30,2022-01-29,"En curso",2022-02-05,2022-02-05,CONVERSIONS,0,ABSOLUTE_OCPM,8000,Daily,,2022-01-30T08:39:32-0500
"Ad img 17 copy 1",,,,,,0,0,0,inactive,inactive,0,0,0,0,0,0,"7-day click or 1-day view",-,-,-,,0,0,,,,,,,,,,,,,,,,,,,,,,,,,,,,,,,,00:00:00,,0,0,,,,,,,,,,,0,,,0,0,0,0,,,,,,,0,0,0,0,,,,,,,,,,,,,,,,,,,,,,,,,,,,,,,,,,,,,,,,,,,,,,,,,,,,,,,,,,,,,,,,,,,,,,,,,,,,,,,,,,,,,,,,,,,,,,,,,,,,,,,,,,,,,,,,,,,,,,,,,,,,,,,,,,,,,,,,,,,,,,,,,,,,,,,,,,,,,,,,,,,,,,,,,,,,,,888805611817797,"Sushi Founder Ads Account","Conversion ABO web",23849353082650786,"PG -  Recetas > Aprendizaje, +2 > Compras, +2 > Sushi",23849353303580786,23849353303600786,2022-01-29,2022-01-30,2022-01-29,"En curso",2022-02-05,2022-02-05,CONVERSIONS,0,ABSOLUTE_OCPM,8000,Daily,,2022-01-30T08:39:32-0500
"Ad img 15 copy 1",,,,,,0,0,0,inactive,inactive,0,0,0,0,0,0,"7-day click or 1-day view",-,-,-,,0,0,,,,,,,,,,,,,,,,,,,,,,,,,,,,,,,,00:00:00,,0,0,,,,,,,,,,,0,,,0,0,0,0,,,,,,,0,0,0,0,,,,,,,,,,,,,,,,,,,,,,,,,,,,,,,,,,,,,,,,,,,,,,,,,,,,,,,,,,,,,,,,,,,,,,,,,,,,,,,,,,,,,,,,,,,,,,,,,,,,,,,,,,,,,,,,,,,,,,,,,,,,,,,,,,,,,,,,,,,,,,,,,,,,,,,,,,,,,,,,,,,,,,,,,,,,,,888805611817797,"Sushi Founder Ads Account","Conversion ABO web",23849353082650786,"PG -  Recetas > Aprendizaje, +2 > Compras, +2 > Sushi",23849353303580786,23849353303610786,2022-01-29,2022-01-30,2022-01-29,"En curso",2022-02-05,2022-02-05,CONVERSIONS,0,ABSOLUTE_OCPM,8000,Daily,,2022-01-30T08:39:32-0500
"Ad img 13 copy 1",,,,,,0,0,0,inactive,inactive,0,0,0,0,0,0,"7-day click or 1-day view",-,-,-,,0,0,,,,,,,,,,,,,,,,,,,,,,,,,,,,,,,,00:00:00,,0,0,,,,,,,,,,,0,,,0,0,0,0,,,,,,,0,0,0,0,,,,,,,,,,,,,,,,,,,,,,,,,,,,,,,,,,,,,,,,,,,,,,,,,,,,,,,,,,,,,,,,,,,,,,,,,,,,,,,,,,,,,,,,,,,,,,,,,,,,,,,,,,,,,,,,,,,,,,,,,,,,,,,,,,,,,,,,,,,,,,,,,,,,,,,,,,,,,,,,,,,,,,,,,,,,,,888805611817797,"Sushi Founder Ads Account","Conversion ABO web",23849353082650786,"PG -  Recetas > Aprendizaje, +2 > Compras, +2 > Sushi",23849353303580786,23849353303620786,2022-01-29,2022-01-30,2022-01-29,"En curso",2022-02-05,2022-02-05,CONVERSIONS,0,ABSOLUTE_OCPM,8000,Daily,,2022-01-30T08:39:32-0500
"Ad img 12 copy 1",,,,,,0,0,0,inactive,inactive,0,0,0,0,0,0,"7-day click or 1-day view",-,-,-,,0,0,,,,,,,,,,,,,,,,,,,,,,,,,,,,,,,,00:00:00,,0,0,,,,,,,,,,,0,,,0,0,0,0,,,,,,,0,0,0,0,,,,,,,,,,,,,,,,,,,,,,,,,,,,,,,,,,,,,,,,,,,,,,,,,,,,,,,,,,,,,,,,,,,,,,,,,,,,,,,,,,,,,,,,,,,,,,,,,,,,,,,,,,,,,,,,,,,,,,,,,,,,,,,,,,,,,,,,,,,,,,,,,,,,,,,,,,,,,,,,,,,,,,,,,,,,,,888805611817797,"Sushi Founder Ads Account","Conversion ABO web",23849353082650786,"PG -  Recetas > Aprendizaje, +2 > Compras, +2 > Sushi",23849353303580786,23849353303640786,2022-01-29,2022-01-30,2022-01-29,"En curso",2022-02-05,2022-02-05,CONVERSIONS,0,ABSOLUTE_OCPM,8000,Daily,,2022-01-30T08:39:32-0500
"Ad img 06 copy 01",,,,,,0,0,0,not_delivering,inactive,0,0,0,0,0,0,"7-day click or 1-day view",-,-,-,,0,0,,,,,,,,,,,,,,,,,,,,,,,,,,,,,,,,00:00:00,,0,0,,,,,,,,,,,0,,,0,0,0,0,,,,,,,0,0,0,0,,,,,,,,,,,,,,,,,,,,,,,,,,,,,,,,,,,,,,,,,,,,,,,,,,,,,,,,,,,,,,,,,,,,,,,,,,,,,,,,,,,,,,,,,,,,,,,,,,,,,,,,,,,,,,,,,,,,,,,,,,,,,,,,,,,,,,,,,,,,,,,,,,,,,,,,,,,,,,,,,,,,,,,,,,,,,,888805611817797,"Sushi Founder Ads Account","Conversion ABO web",23849353082650786,"PG -  Recetas > Aprendizaje, +2 > Compras, +2 > Sushi",23849353303580786,23849353303650786,2022-01-29,2022-01-30,2022-01-29,"En curso",2022-02-05,2022-02-05,CONVERSIONS,0,ABSOLUTE_OCPM,8000,Daily,,2022-01-30T08:39:32-0500
"Ad img 04 copy 01",,,,,,0,0,0,not_delivering,inactive,0,0,0,0,0,0,"7-day click or 1-day view",-,-,-,,0,0,,,,,,,,,,,,,,,,,,,,,,,,,,,,,,,,00:00:00,,0,0,,,,,,,,,,,0,,,0,0,0,0,,,,,,,0,0,0,0,,,,,,,,,,,,,,,,,,,,,,,,,,,,,,,,,,,,,,,,,,,,,,,,,,,,,,,,,,,,,,,,,,,,,,,,,,,,,,,,,,,,,,,,,,,,,,,,,,,,,,,,,,,,,,,,,,,,,,,,,,,,,,,,,,,,,,,,,,,,,,,,,,,,,,,,,,,,,,,,,,,,,,,,,,,,,,888805611817797,"Sushi Founder Ads Account","Conversion ABO web",23849353082650786,"PG -  Recetas > Aprendizaje, +2 > Compras, +2 > Sushi",23849353303580786,23849353303680786,2022-01-29,2022-01-30,2022-01-29,"En curso",2022-02-05,2022-02-05,CONVERSIONS,0,ABSOLUTE_OCPM,8000,Daily,,2022-01-30T08:39:32-0500
"Ad img 03 copy 01",,,,,,0,0,0,not_delivering,inactive,0,0,0,0,0,0,"7-day click or 1-day view",-,-,-,,0,0,,,,,,,,,,,,,,,,,,,,,,,,,,,,,,,,00:00:00,,0,0,,,,,,,,,,,0,,,0,0,0,0,,,,,,,0,0,0,0,,,,,,,,,,,,,,,,,,,,,,,,,,,,,,,,,,,,,,,,,,,,,,,,,,,,,,,,,,,,,,,,,,,,,,,,,,,,,,,,,,,,,,,,,,,,,,,,,,,,,,,,,,,,,,,,,,,,,,,,,,,,,,,,,,,,,,,,,,,,,,,,,,,,,,,,,,,,,,,,,,,,,,,,,,,,,,888805611817797,"Sushi Founder Ads Account","Conversion ABO web",23849353082650786,"PG -  Recetas > Aprendizaje, +2 > Compras, +2 > Sushi",23849353303580786,23849353303710786,2022-01-29,2022-01-30,2022-01-29,"En curso",2022-02-05,2022-02-05,CONVERSIONS,0,ABSOLUTE_OCPM,8000,Daily,,2022-01-30T08:39:32-0500
"Ad img 11 copy 1",,,,,,0,0,0,inactive,inactive,0,0,0,0,0,0,"7-day click or 1-day view",-,-,-,,0,0,,,,,,,,,,,,,,,,,,,,,,,,,,,,,,,,00:00:00,,0,0,,,,,,,,,,,0,,,0,0,0,0,,,,,,,0,0,0,0,,,,,,,,,,,,,,,,,,,,,,,,,,,,,,,,,,,,,,,,,,,,,,,,,,,,,,,,,,,,,,,,,,,,,,,,,,,,,,,,,,,,,,,,,,,,,,,,,,,,,,,,,,,,,,,,,,,,,,,,,,,,,,,,,,,,,,,,,,,,,,,,,,,,,,,,,,,,,,,,,,,,,,,,,,,,,,888805611817797,"Sushi Founder Ads Account","Conversion ABO web",23849353082650786,"PG -  Recetas > Aprendizaje, +2 > Compras, +2 > Sushi",23849353303580786,23849353303740786,2022-01-29,2022-01-30,2022-01-29,"En curso",2022-02-05,2022-02-05,CONVERSIONS,0,ABSOLUTE_OCPM,8000,Daily,,2022-01-30T08:39:32-0500
"Ad img 11 copy 1",,,,,,0,0,0,inactive,inactive,0,0,0,0,0,0,"7-day click or 1-day view",-,-,-,,0,0,,,,,,,,,,,,,,,,,,,,,,,,,,,,,,,,00:00:00,,0,0,,,,,,,,,,,0,,,0,0,0,0,,,,,,,0,0,0,0,,,,,,,,,,,,,,,,,,,,,,,,,,,,,,,,,,,,,,,,,,,,,,,,,,,,,,,,,,,,,,,,,,,,,,,,,,,,,,,,,,,,,,,,,,,,,,,,,,,,,,,,,,,,,,,,,,,,,,,,,,,,,,,,,,,,,,,,,,,,,,,,,,,,,,,,,,,,,,,,,,,,,,,,,,,,,,888805611817797,"Sushi Founder Ads Account","Conversion ABO web",23849353082650786,"PG -  ww_es Int(Sushi Chef, Cocina japonesa > Buyer)",23849353360500786,23849353360480786,2022-01-29,2022-01-30,2022-01-29,"En curso",2022-02-05,2022-02-05,CONVERSIONS,0,ABSOLUTE_OCPM,8000,Daily,,2022-01-30T08:39:31-0500
"Ad img 02 copy 01",,,,,,0,0,0,not_delivering,inactive,0,0,0,0,0,0,"7-day click or 1-day view",-,-,-,,0,0,,,,,,,,,,,,,,,,,,,,,,,,,,,,,,,,00:00:00,,0,0,,,,,,,,,,,0,,,0,0,0,0,,,,,,,0,0,0,0,,,,,,,,,,,,,,,,,,,,,,,,,,,,,,,,,,,,,,,,,,,,,,,,,,,,,,,,,,,,,,,,,,,,,,,,,,,,,,,,,,,,,,,,,,,,,,,,,,,,,,,,,,,,,,,,,,,,,,,,,,,,,,,,,,,,,,,,,,,,,,,,,,,,,,,,,,,,,,,,,,,,,,,,,,,,,,888805611817797,"Sushi Founder Ads Account","Conversion ABO web",23849353082650786,"PG -  ww_es Int(Sushi Chef, Cocina japonesa > Buyer)",23849353360500786,23849353360520786,2022-01-29,2022-01-30,2022-01-29,"En curso",2022-02-05,2022-02-05,CONVERSIONS,0,ABSOLUTE_OCPM,8000,Daily,,2022-01-30T08:39:31-0500
"Ad img 16 copy 1",,,,,,0,0,0,inactive,inactive,0,0,0,0,0,0,"7-day click or 1-day view",-,-,-,,0,0,,,,,,,,,,,,,,,,,,,,,,,,,,,,,,,,00:00:00,,0,0,,,,,,,,,,,0,,,0,0,0,0,,,,,,,0,0,0,0,,,,,,,,,,,,,,,,,,,,,,,,,,,,,,,,,,,,,,,,,,,,,,,,,,,,,,,,,,,,,,,,,,,,,,,,,,,,,,,,,,,,,,,,,,,,,,,,,,,,,,,,,,,,,,,,,,,,,,,,,,,,,,,,,,,,,,,,,,,,,,,,,,,,,,,,,,,,,,,,,,,,,,,,,,,,,,888805611817797,"Sushi Founder Ads Account","Conversion ABO web",23849353082650786,"PG -  ww_es Int(Sushi Chef, Cocina japonesa > Buyer)",23849353360500786,23849353360540786,2022-01-29,2022-01-30,2022-01-29,"En curso",2022-02-05,2022-02-05,CONVERSIONS,0,ABSOLUTE_OCPM,8000,Daily,,2022-01-30T08:39:31-0500
"Ad img 10 copy 1",,,,,,0,0,0,inactive,inactive,0,0,0,0,0,0,"7-day click or 1-day view",-,-,-,,0,0,,,,,,,,,,,,,,,,,,,,,,,,,,,,,,,,00:00:00,,0,0,,,,,,,,,,,0,,,0,0,0,0,,,,,,,0,0,0,0,,,,,,,,,,,,,,,,,,,,,,,,,,,,,,,,,,,,,,,,,,,,,,,,,,,,,,,,,,,,,,,,,,,,,,,,,,,,,,,,,,,,,,,,,,,,,,,,,,,,,,,,,,,,,,,,,,,,,,,,,,,,,,,,,,,,,,,,,,,,,,,,,,,,,,,,,,,,,,,,,,,,,,,,,,,,,,888805611817797,"Sushi Founder Ads Account","Conversion ABO web",23849353082650786,"PG -  ww_es Int(Sushi Chef, Cocina japonesa > Buyer)",23849353360500786,23849353360570786,2022-01-29,2022-01-30,2022-01-29,"En curso",2022-02-05,2022-02-05,CONVERSIONS,0,ABSOLUTE_OCPM,8000,Daily,,2022-01-30T08:39:31-0500
"Ad img 15 copy 1",,,,,,0,0,0,inactive,inactive,0,0,0,0,0,0,"7-day click or 1-day view",-,-,-,,0,0,,,,,,,,,,,,,,,,,,,,,,,,,,,,,,,,00:00:00,,0,0,,,,,,,,,,,0,,,0,0,0,0,,,,,,,0,0,0,0,,,,,,,,,,,,,,,,,,,,,,,,,,,,,,,,,,,,,,,,,,,,,,,,,,,,,,,,,,,,,,,,,,,,,,,,,,,,,,,,,,,,,,,,,,,,,,,,,,,,,,,,,,,,,,,,,,,,,,,,,,,,,,,,,,,,,,,,,,,,,,,,,,,,,,,,,,,,,,,,,,,,,,,,,,,,,,888805611817797,"Sushi Founder Ads Account","Conversion ABO web",23849353082650786,"PG -  ww_es Int(Sushi Chef, Cocina japonesa > Buyer)",23849353360500786,23849353360580786,2022-01-29,2022-01-30,2022-01-29,"En curso",2022-02-05,2022-02-05,CONVERSIONS,0,ABSOLUTE_OCPM,8000,Daily,,2022-01-30T08:39:31-0500
"Ad img 12 copy 1",,,,,,0,0,0,inactive,inactive,0,0,0,0,0,0,"7-day click or 1-day view",-,-,-,,0,0,,,,,,,,,,,,,,,,,,,,,,,,,,,,,,,,00:00:00,,0,0,,,,,,,,,,,0,,,0,0,0,0,,,,,,,0,0,0,0,,,,,,,,,,,,,,,,,,,,,,,,,,,,,,,,,,,,,,,,,,,,,,,,,,,,,,,,,,,,,,,,,,,,,,,,,,,,,,,,,,,,,,,,,,,,,,,,,,,,,,,,,,,,,,,,,,,,,,,,,,,,,,,,,,,,,,,,,,,,,,,,,,,,,,,,,,,,,,,,,,,,,,,,,,,,,,888805611817797,"Sushi Founder Ads Account","Conversion ABO web",23849353082650786,"PG -  ww_es Int(Sushi Chef, Cocina japonesa > Buyer)",23849353360500786,23849353360600786,2022-01-29,2022-01-30,2022-01-29,"En curso",2022-02-05,2022-02-05,CONVERSIONS,0,ABSOLUTE_OCPM,8000,Daily,,2022-01-30T08:39:31-0500
"Ad img 05 copy 01",,,,,,0,0,0,not_delivering,inactive,0,0,0,0,0,0,"7-day click or 1-day view",-,-,-,,0,0,,,,,,,,,,,,,,,,,,,,,,,,,,,,,,,,00:00:00,,0,0,,,,,,,,,,,0,,,0,0,0,0,,,,,,,0,0,0,0,,,,,,,,,,,,,,,,,,,,,,,,,,,,,,,,,,,,,,,,,,,,,,,,,,,,,,,,,,,,,,,,,,,,,,,,,,,,,,,,,,,,,,,,,,,,,,,,,,,,,,,,,,,,,,,,,,,,,,,,,,,,,,,,,,,,,,,,,,,,,,,,,,,,,,,,,,,,,,,,,,,,,,,,,,,,,,888805611817797,"Sushi Founder Ads Account","Conversion ABO web",23849353082650786,"PG -  ww_es Int(Sushi Chef, Cocina japonesa > Buyer)",23849353360500786,23849353360630786,2022-01-29,2022-01-30,2022-01-29,"En curso",2022-02-05,2022-02-05,CONVERSIONS,0,ABSOLUTE_OCPM,8000,Daily,,2022-01-30T08:39:31-0500
"Ad img 13 copy 1",,,,,,0,0,0,inactive,inactive,0,0,0,0,0,0,"7-day click or 1-day view",-,-,-,,0,0,,,,,,,,,,,,,,,,,,,,,,,,,,,,,,,,00:00:00,,0,0,,,,,,,,,,,0,,,0,0,0,0,,,,,,,0,0,0,0,,,,,,,,,,,,,,,,,,,,,,,,,,,,,,,,,,,,,,,,,,,,,,,,,,,,,,,,,,,,,,,,,,,,,,,,,,,,,,,,,,,,,,,,,,,,,,,,,,,,,,,,,,,,,,,,,,,,,,,,,,,,,,,,,,,,,,,,,,,,,,,,,,,,,,,,,,,,,,,,,,,,,,,,,,,,,,888805611817797,"Sushi Founder Ads Account","Conversion ABO web",23849353082650786,"PG -  ww_es Int(Sushi Chef, Cocina japonesa > Buyer)",23849353360500786,23849353360650786,2022-01-29,2022-01-30,2022-01-29,"En curso",2022-02-05,2022-02-05,CONVERSIONS,0,ABSOLUTE_OCPM,8000,Daily,,2022-01-30T08:39:31-0500
"Ad img 14 copy 1",,,,,,0,0,0,inactive,inactive,0,0,0,0,0,0,"7-day click or 1-day view",-,-,-,,0,0,,,,,,,,,,,,,,,,,,,,,,,,,,,,,,,,00:00:00,,0,0,,,,,,,,,,,0,,,0,0,0,0,,,,,,,0,0,0,0,,,,,,,,,,,,,,,,,,,,,,,,,,,,,,,,,,,,,,,,,,,,,,,,,,,,,,,,,,,,,,,,,,,,,,,,,,,,,,,,,,,,,,,,,,,,,,,,,,,,,,,,,,,,,,,,,,,,,,,,,,,,,,,,,,,,,,,,,,,,,,,,,,,,,,,,,,,,,,,,,,,,,,,,,,,,,,888805611817797,"Sushi Founder Ads Account","Conversion ABO web",23849353082650786,"PG -  ww_es Int(Sushi Chef, Cocina japonesa > Buyer)",23849353360500786,23849353360660786,2022-01-29,2022-01-30,2022-01-29,"En curso",2022-02-05,2022-02-05,CONVERSIONS,0,ABSOLUTE_OCPM,8000,Daily,,2022-01-30T08:39:31-0500
"Ad img 04 copy 01",,,,,,0,0,0,not_delivering,inactive,0,0,0,0,0,0,"7-day click or 1-day view",-,-,-,,0,0,,,,,,,,,,,,,,,,,,,,,,,,,,,,,,,,00:00:00,,0,0,,,,,,,,,,,0,,,0,0,0,0,,,,,,,0,0,0,0,,,,,,,,,,,,,,,,,,,,,,,,,,,,,,,,,,,,,,,,,,,,,,,,,,,,,,,,,,,,,,,,,,,,,,,,,,,,,,,,,,,,,,,,,,,,,,,,,,,,,,,,,,,,,,,,,,,,,,,,,,,,,,,,,,,,,,,,,,,,,,,,,,,,,,,,,,,,,,,,,,,,,,,,,,,,,,888805611817797,"Sushi Founder Ads Account","Conversion ABO web",23849353082650786,"PG -  ww_es Int(Sushi Chef, Cocina japonesa > Buyer)",23849353360500786,23849353360680786,2022-01-29,2022-01-30,2022-01-29,"En curso",2022-02-05,2022-02-05,CONVERSIONS,0,ABSOLUTE_OCPM,8000,Daily,,2022-01-30T08:39:31-0500
